S No,Category 1,Category 2,Category 3,Category 4,Category 5
1,Mro Supplies,Apparel & Luggage & Personal Care Products,Apparel & Luggage & Personal Care Products,Apparel & Luggage & Personal Care Products,Apparel & Luggage & Personal Care Products
2,Mro Supplies,Apparel & Luggage & Personal Care Products,Apparel Supplies,Apparel Supplies,Apparel Supplies
3,Mro Supplies,Apparel & Luggage & Personal Care Products,Apparel Supplies,Apparel Supplies,Badge Retractor
4,Mro Supplies,Apparel & Luggage & Personal Care Products,Clothing,Clothing,Clothing
5,Mro Supplies,Apparel & Luggage & Personal Care Products,Clothing,Bottomwear,Pants
6,Mro Supplies,Apparel & Luggage & Personal Care Products,Clothing,Topwear,Hood
7,Mro Supplies,Apparel & Luggage & Personal Care Products,Clothing,Topwear,Shirts
8,Mro Supplies,Apparel & Luggage & Personal Care Products,Footwear,Shoes,Shoes
9,Mro Supplies,Apparel & Luggage & Personal Care Products,Personal Care Products,Bath & Body,H& Cleaner
10,Mro Supplies,Building Supplies,Bricks/ Tiles/ Blocks,Bricks/ Tiles/ Blocks,Bricks/ Tiles/ Blocks
11,Mro Supplies,Building Supplies,Building & Construction Machinery & Accessories,Building & Construction Machinery & Accessories,Building & Construction Machinery & Accessories
12,Mro Supplies,Building Supplies,Building & Construction Machinery & Accessories,Boiler & Furnace Construction & Maintenance Services,Boiler & Furnace Construction & Maintenance Services
13,Mro Supplies,Building Supplies,Building & Construction Machinery & Accessories,Building & Facility Construction & Maintenance Parts,Work Platform
14,Mro Supplies,Building Supplies,Building & Construction Machinery & Accessories,Flooring,Flooring
15,Mro Supplies,Building Supplies,Building & Construction Machinery & Accessories,Heavy Construction Machinery & Equipment,Heavy Equipment Components
16,Mro Supplies,Building Supplies,Building & Construction Machinery & Accessories,Painting,Painting
17,Mro Supplies,Building Supplies,Building & Construction Machinery & Accessories,Plumbing,Plumbing
18,Mro Supplies,Building Supplies,Building & Construction Machinery & Accessories,Building & Construction Machinery & Accessories,Roll Cut
19,Mro Supplies,Building Supplies,Building & Construction Machinery & Accessories,Specialty Building & Trades Services,Fencing & Railing Service
20,Mro Supplies,Building Supplies,Building & Construction Machinery & Accessories,Building & Construction Machinery & Accessories,Trench Drain
21,Mro Supplies,Building Supplies,Concrete/ Cement/ Plaster,Cement,Cement
22,Mro Supplies,Building Supplies,Concrete/ Cement/ Plaster,Concrete,Concrete
23,Mro Supplies,Building Supplies,Insulation,Insulation,Insulation
24,Mro Supplies,Building Supplies,Structures & Building & Construction & Manufacturing Components & Supplies,Construction & Maintenance Support Equipment,Ladders
25,Mro Supplies,Building Supplies,Structures & Building & Construction & Manufacturing Components & Supplies,Domestic Appliances Accessories,Cover/Lid
26,Mro Supplies,Building Supplies,Structures & Building & Construction & Manufacturing Components & Supplies,Doors & Windows & Glass,Doors
27,Mro Supplies,Building Supplies,Structures & Building & Construction & Manufacturing Components & Supplies,Doors & Windows & Glass,Door Closers
28,Mro Supplies,Building Supplies,Structures & Building & Construction & Manufacturing Components & Supplies,Doors & Windows & Glass,Panel
29,Mro Supplies,Building Supplies,Structures & Building & Construction & Manufacturing Components & Supplies,Doors & Windows & Glass,Track
30,Mro Supplies,Building Supplies,Structures & Building & Construction & Manufacturing Components & Supplies,Doors & Windows & Glass,Glass Doors
31,Mro Supplies,Building Supplies,Structures & Building & Construction & Manufacturing Components & Supplies,Doors & Windows & Glass,Glass Products
32,Mro Supplies,Building Supplies,Structures & Building & Construction & Manufacturing Components & Supplies,Doors & Windows & Glass,Windows
33,Mro Supplies,Building Supplies,Structures & Building & Construction & Manufacturing Components & Supplies,Drain Coverings,Drain Coverings
34,Mro Supplies,Building Supplies,Structures & Building & Construction & Manufacturing Components & Supplies,Floor Coverings,Floor Coverings
35,Mro Supplies,Building Supplies,Structures & Building & Construction & Manufacturing Components & Supplies,Gates,Gate
36,Mro Supplies,Building Supplies,Structures & Building & Construction & Manufacturing Components & Supplies,Rail Slide,Rail Slide
37,Mro Supplies,Building Supplies,Structures & Building & Construction & Manufacturing Components & Supplies,Structural Components & Basic Shapes,Structural Components & Basic Shapes
38,Mro Supplies,Building Supplies,Structures & Building & Construction & Manufacturing Components & Supplies,Structural Components & Basic Shapes,Angles
39,Mro Supplies,Building Supplies,Structures & Building & Construction & Manufacturing Components & Supplies,Structural Components & Basic Shapes,Heavy Duty Post
40,Mro Supplies,Building Supplies,Structures & Building & Construction & Manufacturing Components & Supplies,Structural Components & Basic Shapes,Pivot Plate
41,Mro Supplies,Building Supplies,Structures & Building & Construction & Manufacturing Components & Supplies,Structural Components & Basic Shapes,Plate
42,Mro Supplies,Building Supplies,Structures & Building & Construction & Manufacturing Components & Supplies,Structural Components & Basic Shapes,Knife Mounting Plate
43,Mro Supplies,Building Supplies,Structures & Building & Construction & Manufacturing Components & Supplies,Structural Components & Basic Shapes,Pressure Plate
44,Mro Supplies,Building Supplies,Structures & Building & Construction & Manufacturing Components & Supplies,Structural Components & Basic Shapes,Pickup Head
45,Mro Supplies,Building Supplies,Structures & Building & Construction & Manufacturing Components & Supplies,Structural Components & Basic Shapes,Whitewood
46,Mro Supplies,Chemicals & Lubes,Chemicals & Lubes,Chemicals & Lubes,Chemicals & Lubes
47,Mro Supplies,Chemicals & Lubes,Chemicals Including Bio Chemicals & Gas Materials,Compounds & Mixtures,Compounds & Mixtures
48,Mro Supplies,Chemicals & Lubes,Coolants,Coolants,Coolants
49,Mro Supplies,Energy & Utilities,"Fuels, Fuel Additives & Anti Corrosive Materials",Fuels,"Fuel Oils (Petrol, Diesel, Kerosine)"
50,Mro Supplies,Chemicals & Lubes,Chemicals & Lubes,Chemicals & Lubes,Lubricants & Oils & Greases & Anti Corrosives
51,Mro Supplies,Chemicals & Lubes,Chemicals & Lubes,Chemicals & Lubes,Grease
52,Mro Supplies,Chemicals & Lubes,Glycol,Glycol,Glycol
53,Mro Supplies,Chemicals & Lubes,Chemicals & Lubes,Chemicals & Lubes,Hydraulic Oil
54,Mro Supplies,Chemicals & Lubes,Industrial Use Chemicals,Industrial Use Chemicals,Industrial Use Chemicals
55,Mro Supplies,Chemicals & Lubes,Industrial Use Chemicals,Industrial Use Chemicals,Antiscalant
56,Mro Supplies,Chemicals & Lubes,Chemicals & Lubes,Chemicals & Lubes,Lubricating Oils
57,Mro Supplies,Chemicals & Lubes,Chemicals & Lubes,Chemicals & Lubes,Lubrication Containers & Accessories
58,Mro Supplies,Chemicals & Lubes,Chemicals & Lubes,Chemicals & Lubes,Lubrication System
59,Mro Supplies,Chemicals & Lubes,Chemicals & Lubes,Chemicals & Lubes,Oil
60,Mro Supplies,Chemicals & Lubes,Resin & Rosin & Rubber & Foam & Film & Elastomeric Materials,Resin & Rosin & Rubber & Foam & Film & Elastomeric Materials,Resin & Rosin & Rubber & Foam & Film & Elastomeric Materials
61,Mro Supplies,Chemicals & Lubes,Resin & Rosin & Rubber & Foam & Film & Elastomeric Materials,Film,Film
62,Mro Supplies,Chemicals & Lubes,Resin & Rosin & Rubber & Foam & Film & Elastomeric Materials,Resin & Rosin & Rubber & Foam & Film & Elastomeric Materials,Foam Machine
63,Mro Supplies,Chemicals & Lubes,Resin & Rosin & Rubber & Foam & Film & Elastomeric Materials,Resins & Rosins & Other Resin Derived Materials,Resins
64,Mro Supplies,Chemicals & Lubes,Resin & Rosin & Rubber & Foam & Film & Elastomeric Materials,Resins & Rosins & Other Resin Derived Materials,Thermal Roll
65,Mro Supplies,Commercial & Military & Private Vehicles & Their Accessories & Components,Commercial & Military & Private Vehicles & Their Accessories & Components,Commercial & Military & Private Vehicles & Their Accessories & Components,Commercial & Military & Private Vehicles & Their Accessories & Components
66,Mro Supplies,Commercial & Military & Private Vehicles & Their Accessories & Components,Automotive Tools / Equipments,Automotive Tools / Equipments,Automotive Tools / Equipments
67,Mro Supplies,Commercial & Military & Private Vehicles & Their Accessories & Components,Motor Vehicles,Passenger Motor Vehicles,Automobiles Or Cars
68,Mro Supplies,Commercial & Military & Private Vehicles & Their Accessories & Components,Tires Accessories & Parts,Snow Chains,Buddy Traction Mat
69,Mro Supplies,Commercial & Military & Private Vehicles & Their Accessories & Components,Transportation Components & Systems,Braking Systems & Components,Brake Cable
70,Mro Supplies,Commercial & Military & Private Vehicles & Their Accessories & Components,Transportation Components & Systems,Braking Systems & Components,Brake Calipers
71,Mro Supplies,Commercial & Military & Private Vehicles & Their Accessories & Components,Transportation Components & Systems,Braking Systems & Components,Rim Kit
72,Mro Supplies,Commercial & Military & Private Vehicles & Their Accessories & Components,Transportation Components & Systems,Suspension System Components,Shock Absorber
73,Mro Supplies,Commercial & Military & Private Vehicles & Their Accessories & Components,Transportation Components & Systems,Windshield Wipers,Wiper Base
74,Mro Supplies,Commercial & Military & Private Vehicles & Their Accessories & Components,Vehicle Accessories,Vehicle Accessories,Vehicle Accessories
75,Mro Supplies,Commercial & Military & Private Vehicles & Their Accessories & Components,Vehicle Accessories,Vehicle Accessories,Funnel
76,Mro Supplies,Commercial & Military & Private Vehicles & Their Accessories & Components,Vehicle Bodies & Trailers,Automotive Chassis,Bumper
77,Mro Supplies,Commercial & Military & Private Vehicles & Their Accessories & Components,Vehicle Bodies & Trailers,Product & Material Trailers,Product & Material Trailers
78,Mro Supplies,Commercial & Military & Private Vehicles & Their Accessories & Components,Wheel Accessories,Wheel Accessories,Wheel Accessories
79,Mro Supplies,Commercial & Military & Private Vehicles & Their Accessories & Components,Wheel Accessories,Wheel Accessories,Casters
80,Mro Supplies,Commercial & Military & Private Vehicles & Their Accessories & Components,Wheel Accessories,Wheel Accessories,Dolly
81,Mro Supplies,Commercial & Military & Private Vehicles & Their Accessories & Components,Wheel Accessories,Wheel Accessories,Guide Wheel
82,Mro Supplies,Commercial & Military & Private Vehicles & Their Accessories & Components,Wheel Accessories,Wheel Accessories,Rim
83,Mro Supplies,Defense & Law Enforcement & Security & Safety Equipment & Supplies,Fire Protection,Fire Fighting Equipment,Fire Fighting Equipment
84,Mro Supplies,Defense & Law Enforcement & Security & Safety Equipment & Supplies,Fire Protection,Fire Fighting Equipment,Fire Extinguishers
85,Mro Supplies,Defense & Law Enforcement & Security & Safety Equipment & Supplies,Security Surveillance & Detection,Security Surveillance & Detection,Security Surveillance & Detection
86,Mro Supplies,Defense & Law Enforcement & Security & Safety Equipment & Supplies,Security Surveillance & Detection,Locks & Security Hardware & Accessories,Locks & Security Hardware & Accessories
87,Mro Supplies,Editorial & Design & Graphic & Fine Art Services,Reproduction Services,Printing,Coder
88,Mro Supplies,Electrical,Batteries & Battery Accessories,Batteries,Batteries
89,Mro Supplies,Electrical,Batteries & Battery Accessories,Battry Charger,Battry Charger
90,Mro Supplies,Electrical,Batteries & Battery Accessories,Paper Roll,Paper Roll
91,Mro Supplies,Electrical,Circuit/ Panel/ Switch Boards,Circuit/ Panel/ Switch Boards,Circuit/ Panel/ Switch Boards
92,Mro Supplies,Electrical,Circuit/ Panel/ Switch Boards,Circuit Protection Devices & Accessories,Circuit Protection Devices & Accessories
93,Mro Supplies,Electrical,Circuit/ Panel/ Switch Boards,Circuit Protection Devices & Accessories,Circuit Breakers
94,Mro Supplies,Electrical,Circuit/ Panel/ Switch Boards,Electrical Switches & Accessories,Electrical Switches & Accessories
95,Mro Supplies,Electrical,Circuit/ Panel/ Switch Boards,Fuses,Fuses
96,Mro Supplies,Electrical,Circuit/ Panel/ Switch Boards,Inductor,Inductor
97,Mro Supplies,Electrical,Circuit/ Panel/ Switch Boards,Switches,Switches
98,Mro Supplies,Electrical,Circuit/ Panel/ Switch Boards,Switches,Door Switch
99,Mro Supplies,Electrical,Circuit/ Panel/ Switch Boards,Switches,Disconnect Switch
100,Mro Supplies,Electrical,Circuit/ Panel/ Switch Boards,Switches,Pressure Switch
101,Mro Supplies,Electrical,Circuit/ Panel/ Switch Boards,Switches,Push Button Switch
102,Mro Supplies,Electrical,Circuit/ Panel/ Switch Boards,Switches,Safety Switch
103,Mro Supplies,Electrical,Conduit/ Raceways,Conduit/ Raceways,Conduit/ Raceways
104,Mro Supplies,Electrical,Distribution & Conditioning Systems & Equipment & Components,Distribution & Conditioning Systems & Equipment & Components,Distribution & Conditioning Systems & Equipment & Components
105,Mro Supplies,Electrical,Distribution & Conditioning Systems & Equipment & Components,Adapters,Adapters
106,Mro Supplies,Electrical,Distribution & Conditioning Systems & Equipment & Components,Fluid & Gas Distribution,Hardware & Fittings
107,Mro Supplies,Electrical,Distribution & Conditioning Systems & Equipment & Components,Fluid & Gas Distribution,Hose Clamp
108,Mro Supplies,Electrical,Distribution & Conditioning Systems & Equipment & Components,Fluid & Gas Distribution,Hose Fitting
109,Mro Supplies,Electrical,Distribution & Conditioning Systems & Equipment & Components,Fluid & Gas Distribution,Hose Reel
111,Mro Supplies,Electrical,Distribution & Conditioning Systems & Equipment & Components,Fluid & Gas Distribution,Air Hoses
112,Mro Supplies,Electrical,Distribution & Conditioning Systems & Equipment & Components,Fluid & Gas Distribution,Beverage Hoses
113,Mro Supplies,Electrical,Distribution & Conditioning Systems & Equipment & Components,Fluid & Gas Distribution,Hydraulic Hose
114,Mro Supplies,Electrical,Distribution & Conditioning Systems & Equipment & Components,Fluid & Gas Distribution,Water Hoses
115,Mro Supplies,Electrical,Distribution & Conditioning Systems & Equipment & Components,Fluid & Gas Distribution,Hoses/ Tubing
116,Mro Supplies,Electrical,Distribution & Conditioning Systems & Equipment & Components,Fluid & Gas Distribution,Basket Strainer
118,Mro Supplies,Electrical,Distribution & Conditioning Systems & Equipment & Components,Fluid & Gas Distribution,Mix Proof
119,Mro Supplies,Electrical,Distribution & Conditioning Systems & Equipment & Components,Heating & Ventilation & Air Circulation,Heating & Ventilation & Air Circulation
120,Mro Supplies,Electrical,Distribution & Conditioning Systems & Equipment & Components,Heating & Ventilation & Air Circulation,Air Circulation & Parts & Accessories
121,Mro Supplies,Electrical,Distribution & Conditioning Systems & Equipment & Components,Heating & Ventilation & Air Circulation,Fans
122,Mro Supplies,Electrical,Distribution & Conditioning Systems & Equipment & Components,Heating & Ventilation & Air Circulation,Cooling Equipment & Parts & Accessories
123,Mro Supplies,Electrical,Distribution & Conditioning Systems & Equipment & Components,Heating & Ventilation & Air Circulation,Air Conditioners
124,Mro Supplies,Electrical,Distribution & Conditioning Systems & Equipment & Components,Heating & Ventilation & Air Circulation,Cooling Tower
125,Mro Supplies,Electrical,Distribution & Conditioning Systems & Equipment & Components,Heating & Ventilation & Air Circulation,Heating Equipment & Parts & Accessories
126,Mro Supplies,Electrical,Distribution & Conditioning Systems & Equipment & Components,Pipe Piping & Pipe Fittings,Pipe Piping & Pipe Fittings
127,Mro Supplies,Electrical,Distribution & Conditioning Systems & Equipment & Components,Pipe Piping & Pipe Fittings,Pipe Caps
128,Mro Supplies,Electrical,Distribution & Conditioning Systems & Equipment & Components,Pipe Piping & Pipe Fittings,Pipe Nipples
129,Mro Supplies,Electrical,Distribution & Conditioning Systems & Equipment & Components,Pipe Piping & Pipe Fittings,Pipe Plugs
130,Mro Supplies,Electrical,Distribution & Conditioning Systems & Equipment & Components,Pipe Piping & Pipe Fittings,Flange
131,Mro Supplies,Electrical,Distribution & Conditioning Systems & Equipment & Components,Pipe Piping & Pipe Fittings,Piston & Flanges
132,Mro Supplies,Electrical,Distribution & Conditioning Systems & Equipment & Components,Tubes Tubing & Tube Fittings,Tubes Tubing & Tube Fittings
133,Mro Supplies,Electrical,Distribution & Conditioning Systems & Equipment & Components,Tubes Tubing & Tube Fittings,Upper
134,Mro Supplies,Electrical,Electrical Supplies,Electrical Supplies,Electrical Supplies
135,Mro Supplies,Electrical,Electrical Supplies,Electrical Boxes/ Enclosures,Electrical Boxes/ Enclosures
136,Mro Supplies,Electrical,Electrical Systems & Lighting & Components & Accessories & Supplies,Electrical Equipment & Components & Supplies,Electrical Boxes & Enclosures & Fittings & Accessories
137,Mro Supplies,Electrical,Electrical Systems & Lighting & Components & Accessories & Supplies,Electrical Equipment & Components & Supplies,Electrical Controls & Accessories
138,Mro Supplies,Electrical,Electrical Systems & Lighting & Components & Accessories & Supplies,Electrical Equipment & Components & Supplies,Backgroud-Suppression Sensor
139,Mro Supplies,Electrical,Electrical Systems & Lighting & Components & Accessories & Supplies,Electrical Equipment & Components & Supplies,Conductivity Sensor
140,Mro Supplies,Electrical,Electrical Systems & Lighting & Components & Accessories & Supplies,Electrical Equipment & Components & Supplies,Contactors
141,Mro Supplies,Electrical,Electrical Systems & Lighting & Components & Accessories & Supplies,Electrical Equipment & Components & Supplies,Digital Timer
142,Mro Supplies,Electrical,Electrical Systems & Lighting & Components & Accessories & Supplies,Electrical Equipment & Components & Supplies,Distance Sensor
143,Mro Supplies,Electrical,Electrical Systems & Lighting & Components & Accessories & Supplies,Electrical Equipment & Components & Supplies,Electrical Contacts
144,Mro Supplies,Electrical,Electrical Systems & Lighting & Components & Accessories & Supplies,Electrical Equipment & Components & Supplies,Photoelectric Sensors
145,Mro Supplies,Electrical,Electrical Systems & Lighting & Components & Accessories & Supplies,Electrical Equipment & Components & Supplies,Sensors
146,Mro Supplies,Electrical,Electrical Systems & Lighting & Components & Accessories & Supplies,Electrical Equipment & Components & Supplies,Speed Control
147,Mro Supplies,Electrical,Electrical Systems & Lighting & Components & Accessories & Supplies,Electrical Equipment & Components & Supplies,Timer Controls
148,Mro Supplies,Electrical,Electrical Systems & Lighting & Components & Accessories & Supplies,Electrical Equipment & Components & Supplies,Cable Clips
149,Mro Supplies,Electrical,Electrical Systems & Lighting & Components & Accessories & Supplies,Electrical Equipment & Components & Supplies,Cable Ties
150,Mro Supplies,Electrical,Electrical Systems & Lighting & Components & Accessories & Supplies,Electrical Equipment & Components & Supplies,Electrical Lugs Plugs & Connectors
151,Mro Supplies,Electrical,Electrical Systems & Lighting & Components & Accessories & Supplies,Electrical Equipment & Components & Supplies,Electrical Receptacles
152,Mro Supplies,Electrical,Electrical Systems & Lighting & Components & Accessories & Supplies,Electrical Equipment & Components & Supplies,Socket Assembly
153,Mro Supplies,Electrical,Electrical Systems & Lighting & Components & Accessories & Supplies,Electrical Equipment & Components & Supplies,Terminal Blocks
154,Mro Supplies,Electrical,Electrical Systems & Lighting & Components & Accessories & Supplies,Electrical Equipment & Components & Supplies,Electrical Relays & Accessories
155,Mro Supplies,Electrical,Electrical Systems & Lighting & Components & Accessories & Supplies,Electrical Equipment & Components & Supplies,Overload Relay
156,Mro Supplies,Electrical,Electrical Systems & Lighting & Components & Accessories & Supplies,Electrical Equipment & Components & Supplies,Utility Pole
157,Mro Supplies,Electrical,Electrical Systems & Lighting & Components & Accessories & Supplies,Electrical Equipment & Components & Supplies,Electrodes
158,Mro Supplies,Electrical,Electrical Systems & Lighting & Components & Accessories & Supplies,Electrical Wire Management Devices & Accessories & Supplies,Wire & Accessories
159,Mro Supplies,Electrical,Electrical Systems & Lighting & Components & Accessories & Supplies,"Lighting Fixtures, Accessories & Lamp Components","Lighting Fixtures, Accessories & Lamp Components"
160,Mro Supplies,Electrical,Electrical Systems & Lighting & Components & Accessories & Supplies,"Lighting Fixtures, Accessories & Lamp Components",Ballast
161,Mro Supplies,Electrical,Electrical Systems & Lighting & Components & Accessories & Supplies,"Lighting Fixtures, Accessories & Lamp Components",Electrical Systems & Lighting & Components & Accessories & Supplies
162,Mro Supplies,Electrical,Electrical Systems & Lighting & Components & Accessories & Supplies,"Lighting Fixtures, Accessories & Lamp Components",Flashlight
163,Mro Supplies,Electrical,Electrical Systems & Lighting & Components & Accessories & Supplies,"Lighting Fixtures, Accessories & Lamp Components",Lamp Ballasts & Lamp Transformers
164,Mro Supplies,Electrical,Electrical Systems & Lighting & Components & Accessories & Supplies,"Lighting Fixtures, Accessories & Lamp Components",Lamps & Lightbulbs
165,Mro Supplies,Electrical,Electrical Systems & Lighting & Components & Accessories & Supplies,"Lighting Fixtures, Accessories & Lamp Components",Uv Sleeves
166,Mro Supplies,Electrical,Electrical Systems & Lighting & Components & Accessories & Supplies,"Lighting Fixtures, Accessories & Lamp Components",Lamps Guard
167,Mro Supplies,Electrical,Electrical Systems & Lighting & Components & Accessories & Supplies,"Lighting Fixtures, Accessories & Lamp Components",Lamps/ Lights
168,Mro Supplies,Electrical,Electrical Systems & Lighting & Components & Accessories & Supplies,"Lighting Fixtures, Accessories & Lamp Components",Lighting Fixtures
169,Mro Supplies,Electrical,Electrical Systems & Lighting & Components & Accessories & Supplies,"Lighting Fixtures, Accessories & Lamp Components",Lamp
170,Mro Supplies,Electrical,Electrical Systems & Lighting & Components & Accessories & Supplies,"Lighting Fixtures, Accessories & Lamp Components",Uv Lamps
171,Mro Supplies,Electrical,Power Supply,Power Supply,Power Supply
172,Mro Supplies,Electrical,Power Supply,Power Supply Units,Power Supply Units
173,Mro Supplies,Electrical,Power Supply,Regulators/ Converters/ Inverters,Regulators/ Converters/ Inverters
174,Mro Supplies,Electrical,Wire/ Cable/ Busbar,Busbar,Busbar
175,Mro Supplies,Electrical,Wire/ Cable/ Busbar,Cable,Cable
176,Mro Supplies,Electrical,Wire/ Cable/ Busbar,Wire,Wire
177,Mro Supplies,Electronics & Instrumentation,Capacitors/ Resistors/ Discrete Components,Capacitors/ Resistors/ Discrete Components,Capacitors/ Resistors/ Discrete Components
178,Mro Supplies,Electronics & Instrumentation,Circuit Assemblies/ Rf Components,Circuit Assemblies/ Rf Components,Circuit Assemblies/ Rf Components
179,Mro Supplies,Electronics & Instrumentation,Controllers,Controllers,Controllers
180,Mro Supplies,Electronics & Instrumentation,Domestic Appliances & Supplies & Consumer Electronic Products,Domestic Appliances & Supplies & Consumer Electronic Products,Domestic Appliances & Supplies & Consumer Electronic Products
181,Mro Supplies,Electronics & Instrumentation,Domestic Appliances & Supplies & Consumer Electronic Products,Consumer Electronics,Audio & Visual Equipment
182,Mro Supplies,Electronics & Instrumentation,Domestic Appliances & Supplies & Consumer Electronic Products,Consumer Electronics,Headsets & Microphones
183,Mro Supplies,Electronics & Instrumentation,Domestic Appliances & Supplies & Consumer Electronic Products,Consumer Electronics,Microphone
184,Mro Supplies,Electronics & Instrumentation,Domestic Appliances & Supplies & Consumer Electronic Products,Consumer Electronics,Radios
185,Mro Supplies,Electronics & Instrumentation,Domestic Appliances & Supplies & Consumer Electronic Products,Domestic Appliances Accessories,Domestic Appliances Accessories
186,Mro Supplies,Electronics & Instrumentation,Domestic Appliances & Supplies & Consumer Electronic Products,Domestic Appliances Accessories,Hanger
187,Mro Supplies,Electronics & Instrumentation,Electronic Components & Supplies,Electronic Components & Supplies,Electronic Components & Supplies
188,Mro Supplies,Electronics & Instrumentation,Electronic Components & Supplies,Automation Control Devices & Components & Accessories,Automation Control Devices & Components & Accessories
189,Mro Supplies,Electronics & Instrumentation,Electronic Components & Supplies,Automation Control Devices & Components & Accessories,Programmable Logic Controllers
190,Mro Supplies,Electronics & Instrumentation,Electronic Components & Supplies,Electronic Hardware & Component Parts & Accessories,Transmiter
191,Mro Supplies,Electronics & Instrumentation,Electronic Components & Supplies,Printed Circuits & Integrated Circuits & Microassemblies,Circuit Assemblies & Radio Frequency Rf Components
192,Mro Supplies,Electronics & Instrumentation,Electronic Components & Supplies,Printed Circuits & Integrated Circuits & Microassemblies,Print Head Engine
193,Mro Supplies,Electronics & Instrumentation,Electronic Devices,Electronic Devices,Touch Screen
194,Mro Supplies,Electronics & Instrumentation,Electronic Hardware,Electronic Hardware,Electronic Hardware
195,Mro Supplies,Electronics & Instrumentation,Integrated Circuits/ Microprocessors,Integrated Circuits/ Microprocessors,Integrated Circuits/ Microprocessors
196,Mro Supplies,Filtration,Industrial Filtering & Purification,Filter Media,Filter Media
197,Mro Supplies,Filtration,Industrial Filtering & Purification,Filter Media,Filter Papers
198,Mro Supplies,Filtration,Industrial Filtering & Purification,Filters,Filters
199,Mro Supplies,Filtration,Industrial Filtering & Purification,Filters,Air Filters
200,Mro Supplies,Filtration,Industrial Filtering & Purification,Filters,Hatch Filters
201,Mro Supplies,Filtration,Industrial Filtering & Purification,Filters,Bag Filters
202,Mro Supplies,Filtration,Industrial Filtering & Purification,Filters,Dust Filters
203,Mro Supplies,Filtration,Industrial Filtering & Purification,Filters,Filter Box
204,Mro Supplies,Filtration,Industrial Filtering & Purification,Filters,Filter Cartridge
205,Mro Supplies,Filtration,Industrial Filtering & Purification,Filters,Syringe Filter
206,Mro Supplies,Filtration,Industrial Filtering & Purification,Filters,Water Filters
207,Mro Supplies,Filtration,Industrial Filtering & Purification,Filtration System,Filtration System
208,Mro Supplies,Filtration,Industrial Filtering & Purification,Oil Filters,Oil Filters
209,Mro Supplies,Filtration,Industrial Filtering & Purification,Separators,Separators
210,Mro Supplies,Fluid Power,Gauges,Gauges,Gauges
211,Mro Supplies,Fluid Power,Gauges,Level Gauges,Level Gauges
212,Mro Supplies,Fluid Power,Gauges,Gauges,Temp Gauge
213,Mro Supplies,Fluid Power,Hoses/ Tubing,Hoses/ Tubing,Nylon Tubing
214,Mro Supplies,Fluid Power,Hydraulic Components,Hydraulic Components,Hydraulic Components
215,Mro Supplies,Fluid Power,Pneumatic Components,Pneumatic Components,Pneumatic Components
216,Mro Supplies,Food & Restaurant Supplies & Equipment,Bar Gun,Bar Gun,Bar Gun
217,Mro Supplies,Food & Restaurant Supplies & Equipment,Beverage,Beverage,Beverages
218,Mro Supplies,Food & Restaurant Supplies & Equipment,Drink,Drink,Drink
219,Mro Supplies,Furniture & Furnishings,Faucet,Faucet,Faucet
220,Mro Supplies,Furniture & Furnishings,Furniture,Chairs,Chairs
221,Mro Supplies,Furniture & Furnishings,Furniture,Drawer,Drawer
222,Mro Supplies,Furniture & Furnishings,Furniture,Rack,Rack
223,Mro Supplies,Furniture & Furnishings,Furniture,St&,St&
224,Mro Supplies,Furniture & Furnishings,Mattresses Or Sleep Sets,Mattresses Or Sleep Sets,Mattresses Or Sleep Sets
225,Mro Supplies,Hvac,Boilers,Boilers,Boilers
226,Mro Supplies,Hvac,Fans / Blowers / Ahu,Fans / Blowers / Ahu,Fans / Blowers / Ahu
227,Mro Supplies,Hvac,Fans / Blowers / Ahu,Fans / Blowers / Ahu,Propeller
228,Mro Supplies,Hvac,Heaters / Heat Exchangers,Heaters / Heat Exchangers,Heaters / Heat Exchangers
229,Mro Supplies,Hvac,Hvac Equipment Supplies,Hvac Equipment Supplies,Hvac Equipment Supplies
230,Mro Supplies,Hvac,Refrigeration,Refrigeration,Refrigeration
231,Mro Supplies,Hvac,Refrigeration,Refrigeration,Condenser
232,Mro Supplies,Hvac,Refrigeration,Refrigeration,Filter
233,Mro Supplies,Hvac,Ventilation,Ventilation,Ventilation
234,Mro Supplies,Industrial Gases,Carbon Dioxide,Carbon Dioxide,Carbon Dioxide
235,Mro Supplies,Industrial Gases,Dry Ice,Dry Ice,Dry Ice
236,Mro Supplies,Industrial Gases,Inert Gas Mixtures,Inert Gas Mixtures,Inert Gas Mixtures
237,Mro Supplies,Industrial Gases,Inert Gas Mixtures,Inert Gas Mixtures,Agitator
238,Mro Supplies,Industrial Gases,Inert Gas Mixtures,Inert Gas Mixtures,Mixer
239,Mro Supplies,Industrial Manufacturing & Processing Machinery & Accessories,Foundry Machines & Equipment & Supplies,Foundry Machines & Equipment,Foundry Machines & Equipment
240,Mro Supplies,Industrial Manufacturing & Processing Machinery & Accessories,Industrial Machine Tools,Cordless Tools,Cordless Tools
241,Mro Supplies,Industrial Manufacturing & Processing Machinery & Accessories,Metal Cutting Machinery & Accessories,Metal Cutting Tools,Drills
242,Mro Supplies,Industrial Manufacturing & Processing Machinery & Accessories,Industrial Machine Tools,Industrial Machine Tools,Fixtures
243,Mro Supplies,Industrial Manufacturing & Processing Machinery & Accessories,Industrial Machine Tools,Lever,Lever
244,Mro Supplies,Industrial Manufacturing & Processing Machinery & Accessories,Industrial Machine Tools,Measuring Scale,Measuring Scale
245,Mro Supplies,Industrial Manufacturing & Processing Machinery & Accessories,Industrial Machine Tools,Metal Bellows,Metal Bellows
246,Mro Supplies,Industrial Manufacturing & Processing Machinery & Accessories,Industrial Machine Tools,Metal Cutting Machine Attachments,Metal Cutting Machine Attachments
247,Mro Supplies,Industrial Manufacturing & Processing Machinery & Accessories,Industrial Machine Tools,Metal Cutting Machine Attachments,Metal Cutting B& Saw Blade
248,Mro Supplies,Industrial Manufacturing & Processing Machinery & Accessories,Industrial Machine Tools,Wear Plates Or Bars Or Strips,Wear Plates Or Bars Or Strips
249,Mro Supplies,Industrial Manufacturing & Processing Machinery & Accessories,Industrial Process Machinery & Equipment & Supplies,Industrial Process Machinery & Equipment & Supplies,Industrial Process Machinery & Equipment & Supplies
250,Mro Supplies,Industrial Manufacturing & Processing Machinery & Accessories,Industrial Process Machinery & Equipment & Supplies,Blending System,Blending System
251,Mro Supplies,Industrial Manufacturing & Processing Machinery & Accessories,Industrial Process Machinery & Equipment & Supplies,Rubber & Plastic Processing Machinery & Equipment & Supplies,Rubber & Plastic Processing Machinery & Equipment & Supplies
252,Mro Supplies,Industrial Manufacturing & Processing Machinery & Accessories,Metal Forming Machinery & Accessories,Metal Forming Dies & Tooling,Die Sets
253,Mro Supplies,Industrial Manufacturing & Processing Machinery & Accessories,Welding & Soldering & Brazing Machinery & Accessories & Supplies,Welding & Soldering & Brazing Accessories,Welding & Soldering & Brazing Accessories
254,Mro Supplies,Industrial Manufacturing & Processing Machinery & Accessories,Industrial Supplies,Industrial Supplies,Industrial Supplies
255,Mro Supplies,Industrial Manufacturing & Processing Machinery & Accessories,Grinding & Polishing & Smoothing Materials,Abrasives & Abrasive Media,Abrasive/ Grinding Wheels / Abrasive Media
256,Mro Supplies,Industrial Manufacturing & Processing Machinery & Accessories,Grinding & Polishing & Smoothing Materials,Abrasives & Abrasive Media,Abrasive Cloth
257,Mro Supplies,Industrial Manufacturing & Processing Machinery & Accessories,Grinding & Polishing & Smoothing Materials,Abrasives & Abrasive Media,Abrasive Discs
258,Mro Supplies,Industrial Manufacturing & Processing Machinery & Accessories,H& Tools,H& Tools,Roller Cage
259,Mro Supplies,Industrial Manufacturing & Processing Machinery & Accessories,Machine Tools & Tooling,Machine Tools & Tooling,Centering Device
260,Mro Supplies,Industrial Manufacturing & Processing Machinery & Accessories,Machine Tools & Tooling,Machine Tools & Tooling,Collet Closer
261,Mro Supplies,Industrial Manufacturing & Processing Machinery & Accessories,Metal Cutting Machinery & Accessories,Machinery Cutting Tools,Safety Blade
262,Mro Supplies,Industrial Manufacturing & Processing Machinery & Accessories,Metal Products,Metal Products,Metal Products
263,Mro Supplies,Industrial Manufacturing & Processing Machinery & Accessories,Paints & Additives,Paints & Additives,Paints & Additives
264,Mro Supplies,Industrial Manufacturing & Processing Machinery & Accessories,Plastic & Rubber Products,Plastic & Rubber Products,Plastic & Rubber Products
265,Mro Supplies,Industrial Manufacturing & Processing Machinery & Accessories,Plastic & Rubber Products,Plastic & Rubber Products,Plastic Tamper Seals
266,Mro Supplies,Industrial Manufacturing & Processing Machinery & Accessories,Plastic & Rubber Products,Rubber,Rubber Edge Trim Seals
267,Mro Supplies,Industrial Manufacturing & Processing Machinery & Accessories,Pneumatic Tools,Pneumatic Tools,Air Cylinders
268,Mro Supplies,Industrial Manufacturing & Processing Machinery & Accessories,Vacuum Cups,Vacuum Cups,Vacuum Cups
269,Mro Supplies,Information Technology Broadcasting & Telecommunications,Communications Devices & Accessories,Communications Devices & Accessories,Communications Devices & Accessories
270,Mro Supplies,Information Technology Broadcasting & Telecommunications,Computer Equipment & Accessories,Computer Equipment & Accessories,Computer Equipment & Accessories
271,Mro Supplies,Information Technology Broadcasting & Telecommunications,Computer Equipment & Accessories,Computers,Computers/Laptop
272,Mro Supplies,Information Technology Broadcasting & Telecommunications,Software,Software,Software
273,Mro Supplies,Information Technology Broadcasting & Telecommunications,Software,Industry Specific Software,Industry Specific Software
274,Mro Supplies,Laboratory & Measuring & Observing & Testing Equipment,Laboratory Supplies,Laboratory Supplies,Laboratory Supplies
275,Mro Supplies,Laboratory & Measuring & Observing & Testing Equipment,Laboratory Supplies,Lab Coats,Lab Coats
276,Mro Supplies,Laboratory & Measuring & Observing & Testing Equipment,Measuring & Observing & Testing Instruments,Measuring & Observing & Testing Instruments,Measuring & Observing & Testing Instruments
277,Mro Supplies,Laboratory & Measuring & Observing & Testing Equipment,Measuring & Observing & Testing Instruments,Electrical Measuring & Testing Equipment & Accessories,Electrical Measuring & Testing Equipment & Accessories
278,Mro Supplies,Laboratory & Measuring & Observing & Testing Equipment,Measuring & Observing & Testing Instruments,Electrical Measuring & Testing Equipment & Accessories,Air Meter
279,Mro Supplies,Laboratory & Measuring & Observing & Testing Equipment,Measuring & Observing & Testing Instruments,Electrical Measuring & Testing Equipment & Accessories,Flowmeter
280,Mro Supplies,Laboratory & Measuring & Observing & Testing Equipment,Measuring & Observing & Testing Instruments,Electrical Measuring & Testing Equipment & Accessories,Flow Calibration
281,Mro Supplies,Laboratory & Measuring & Observing & Testing Equipment,Measuring & Observing & Testing Instruments,Electrical Measuring & Testing Equipment & Accessories,Meter
282,Mro Supplies,Laboratory & Measuring & Observing & Testing Equipment,Measuring & Observing & Testing Instruments,Indicating & Recording Instruments,Chart Recorders
283,Mro Supplies,Laboratory & Measuring & Observing & Testing Equipment,Measuring & Observing & Testing Instruments,Indicating & Recording Instruments,Level Sensors Or Transmitters
284,Mro Supplies,Laboratory & Measuring & Observing & Testing Equipment,Measuring & Observing & Testing Instruments,Indicating & Recording Instruments,Lube Sensor
285,Mro Supplies,Laboratory & Measuring & Observing & Testing Equipment,Measuring & Observing & Testing Instruments,Indicating & Recording Instruments,Pressure Sensor
286,Mro Supplies,Laboratory & Measuring & Observing & Testing Equipment,Measuring & Observing & Testing Instruments,Indicating & Recording Instruments,Proximity Sensors
287,Mro Supplies,Laboratory & Measuring & Observing & Testing Equipment,Measuring & Observing & Testing Instruments,Liquid & Gas Flow Measuring & Observing Instruments,Position Indicator
288,Mro Supplies,Laboratory & Measuring & Observing & Testing Equipment,Measuring & Observing & Testing Instruments,Liquid & Gas Flow Measuring & Observing Instruments,Sight Flow Indicators
289,Mro Supplies,Laboratory & Measuring & Observing & Testing Equipment,Measuring & Observing & Testing Instruments,Liquid & Solid & Elemental Analyzers,Gas Analyzer
290,Mro Supplies,Laboratory & Measuring & Observing & Testing Equipment,Measuring & Observing & Testing Instruments,Liquid & Solid & Elemental Analyzers,Oxygen Analyser
291,Mro Supplies,Laboratory & Measuring & Observing & Testing Equipment,Measuring & Observing & Testing Instruments,Liquid & Solid & Elemental Analyzers,Petroleum Testing Equipment
292,Mro Supplies,Laboratory & Measuring & Observing & Testing Equipment,Measuring & Observing & Testing Instruments,Pressure Measuring & Control Instruments,Pressure Gauge
293,Mro Supplies,Laboratory & Measuring & Observing & Testing Equipment,Measuring & Observing & Testing Instruments,Pressure Measuring & Control Instruments,Pressure Regulator
294,Mro Supplies,Laboratory & Measuring & Observing & Testing Equipment,Measuring & Observing & Testing Instruments,Pressure Measuring & Control Instruments,Pressure Transmitters
295,Mro Supplies,Laboratory & Measuring & Observing & Testing Equipment,Measuring & Observing & Testing Instruments,Temperature & Heat Measuring Instruments,Temperature & Heat Measuring Instruments
296,Mro Supplies,Laboratory & Measuring & Observing & Testing Equipment,Measuring & Observing & Testing Instruments,Temperature & Heat Measuring Instruments,Thermal Paper
297,Mro Supplies,Laboratory & Measuring & Observing & Testing Equipment,Measuring & Observing & Testing Instruments,Temperature & Heat Measuring Instruments,Thermocouples
298,Mro Supplies,Laboratory & Measuring & Observing & Testing Equipment,Measuring & Observing & Testing Instruments,Temperature & Heat Measuring Instruments,Thermometer/Others
299,Mro Supplies,Laboratory & Measuring & Observing & Testing Equipment,Measuring & Observing & Testing Instruments,Transducers,Transducers
300,Mro Supplies,Laboratory & Measuring & Observing & Testing Equipment,Measuring & Observing & Testing Instruments,Transducers,Temperature Transmitters
301,Mro Supplies,Manufacturing Components & Supplies,Manufacturing Components & Supplies,Manufacturing Components & Supplies,Manufacturing Components & Supplies
302,Mro Supplies,Manufacturing Components & Supplies,Adhesives & Sealants,Adhesives,Adhesives
303,Mro Supplies,Manufacturing Components & Supplies,Adhesives & Sealants,Adhesives,Cool Glue
304,Mro Supplies,Manufacturing Components & Supplies,Adhesives & Sealants,Adhesives,Epoxy Bond
305,Mro Supplies,Manufacturing Components & Supplies,Adhesives & Sealants,Adhesives,Glue
306,Mro Supplies,Manufacturing Components & Supplies,Adhesives & Sealants,Adhesives,Glue Gun
307,Mro Supplies,Manufacturing Components & Supplies,Adhesives & Sealants,Adhesives,Glue Roller
308,Mro Supplies,Manufacturing Components & Supplies,Adhesives & Sealants,Adhesives,Hot Melt Adhesive
309,Mro Supplies,Manufacturing Components & Supplies,Adhesives & Sealants,Adhesives & Sealants,Tape
310,Mro Supplies,Manufacturing Components & Supplies,Adhesives & Sealants,Adhesives Remover,Adhesives Remover
311,Mro Supplies,Manufacturing Components & Supplies,Adhesives & Sealants,Sealants,Sealants
312,Mro Supplies,Manufacturing Components & Supplies,Adhesives & Sealants,Sealants,Sealing Compound
313,Mro Supplies,Manufacturing Components & Supplies,Adhesives & Sealants,Tapes,Tapes
314,Mro Supplies,Manufacturing Components & Supplies,Bearings & Bushings & Wheels & Gears,Bearings & Bushings & Wheels & Gears,Bearings & Bushings & Wheels & Gears
315,Mro Supplies,Manufacturing Components & Supplies,Bearings & Bushings & Wheels & Gears,Bearings,Bearings
316,Mro Supplies,Manufacturing Components & Supplies,Bearings & Bushings & Wheels & Gears,Bearings,Ball Bearings
317,Mro Supplies,Manufacturing Components & Supplies,Bearings & Bushings & Wheels & Gears,Bearings,Bearing Blocks Or Housings
318,Mro Supplies,Manufacturing Components & Supplies,Bearings & Bushings & Wheels & Gears,Bearings,Bearing Isolator
319,Mro Supplies,Manufacturing Components & Supplies,Bearings & Bushings & Wheels & Gears,Bearings,Bearings Assembly Babbit
320,Mro Supplies,Manufacturing Components & Supplies,Bearings & Bushings & Wheels & Gears,Bearings,Bearings Kit
321,Mro Supplies,Manufacturing Components & Supplies,Bearings & Bushings & Wheels & Gears,Bearings,Cam Follower Bearing
322,Mro Supplies,Manufacturing Components & Supplies,Bearings & Bushings & Wheels & Gears,Bearings,Linear Bearing Guide
323,Mro Supplies,Manufacturing Components & Supplies,Bearings & Bushings & Wheels & Gears,Bearings,Pillow Block Bearings
324,Mro Supplies,Manufacturing Components & Supplies,Bearings & Bushings & Wheels & Gears,Bearings,Rod
325,Mro Supplies,Manufacturing Components & Supplies,Bearings & Bushings & Wheels & Gears,Bearings,Roller Assembly
326,Mro Supplies,Manufacturing Components & Supplies,Bearings & Bushings & Wheels & Gears,Bearings,Roller Bearings
327,Mro Supplies,Manufacturing Components & Supplies,Bearings & Bushings & Wheels & Gears,Bearings,Sleeve Bearings
328,Mro Supplies,Manufacturing Components & Supplies,Bearings & Bushings & Wheels & Gears,Bearings & Bushings & Wheels & Gears,Blower Wheel
329,Mro Supplies,Manufacturing Components & Supplies,Bearings & Bushings & Wheels & Gears,Bush Assembly,Bush Assembly
330,Mro Supplies,Manufacturing Components & Supplies,Bearings & Bushings & Wheels & Gears,Bushing,Bushing
331,Mro Supplies,Manufacturing Components & Supplies,Bearings & Bushings & Wheels & Gears,Electrical Bushing,Electrical Bushing
332,Mro Supplies,Manufacturing Components & Supplies,Bearings & Bushings & Wheels & Gears,Gear Units/ Reducers,Gear Units/ Reducers
333,Mro Supplies,Manufacturing Components & Supplies,Bearings & Bushings & Wheels & Gears,Gears,Gears
334,Mro Supplies,Manufacturing Components & Supplies,Bearings & Bushings & Wheels & Gears,Gears,Gear Box
335,Mro Supplies,Manufacturing Components & Supplies,Bearings & Bushings & Wheels & Gears,Gears,Idler Gears
336,Mro Supplies,Manufacturing Components & Supplies,Bearings & Bushings & Wheels & Gears,Gears,Helical Gears
337,Mro Supplies,Manufacturing Components & Supplies,Bearings & Bushings & Wheels & Gears,Gears,Reduction Gear
338,Mro Supplies,Manufacturing Components & Supplies,Bearings & Bushings & Wheels & Gears,Gears,Rotary Gears
339,Mro Supplies,Manufacturing Components & Supplies,Bearings & Bushings & Wheels & Gears,Gears,Spur Gears
340,Mro Supplies,Manufacturing Components & Supplies,Bearings & Bushings & Wheels & Gears,Gears,Worm Gears
341,Mro Supplies,Manufacturing Components & Supplies,Bearings & Bushings & Wheels & Gears,Hex Bushing,Hex Bushing
342,Mro Supplies,Chemicals & Lubes,Chemicals & Lubes,Chemicals & Lubes,Gear Oil
343,Mro Supplies,Manufacturing Components & Supplies,Bearings & Bushings & Wheels & Gears,Sprockets,Sprockets
344,Mro Supplies,Manufacturing Components & Supplies,Bore Spacer,Bore Spacer,Bore Spacer
345,Mro Supplies,Manufacturing Components & Supplies,Gaskets,Gaskets,Gaskets
346,Mro Supplies,Manufacturing Components & Supplies,Gaskets,Gaskets,Gaskets Sets
347,Mro Supplies,Manufacturing Components & Supplies,Gaskets,Gaskets,Seal Gasket
348,Mro Supplies,Manufacturing Components & Supplies,Grinding & Polishing & Smoothing Materials,Abrasives & Abrasive Media,Plastic Discs
349,Mro Supplies,Manufacturing Components & Supplies,Grinding & Polishing & Smoothing Materials,Discs,Discs
350,Mro Supplies,Manufacturing Components & Supplies,Grinding & Polishing & Smoothing Materials,S&ers,Electric S&ers
351,Mro Supplies,Manufacturing Components & Supplies,Grooved Roller,Grooved Roller,Grooved Roller
352,Mro Supplies,Manufacturing Components & Supplies,Hardware & Fasteners,Hardware & Fasteners,Hardware & Fasteners
353,Mro Supplies,Manufacturing Components & Supplies,Hardware & Fasteners,Fastener,Adjustment Nuts
354,Mro Supplies,Manufacturing Components & Supplies,Hardware & Fasteners,Fastener,Anchors
355,Mro Supplies,Manufacturing Components & Supplies,Hardware & Fasteners,Fastener,Bale Ties
356,Mro Supplies,Manufacturing Components & Supplies,Hardware & Fasteners,Fastener,Bale Wire
357,Mro Supplies,Manufacturing Components & Supplies,Hardware & Fasteners,Fastener,Bolts
358,Mro Supplies,Manufacturing Components & Supplies,Hardware & Fasteners,Fastener,Cap Nuts
359,Mro Supplies,Manufacturing Components & Supplies,Hardware & Fasteners,Fastener,Cap Screws
360,Mro Supplies,Manufacturing Components & Supplies,Hardware & Fasteners,Fastener,Clamps
361,Mro Supplies,Manufacturing Components & Supplies,Hardware & Fasteners,Fastener,Compression Nuts
362,Mro Supplies,Manufacturing Components & Supplies,Hardware & Fasteners,Fastener,Hook & Loop Fastener
363,Mro Supplies,Manufacturing Components & Supplies,Hardware & Fasteners,Fastener,Lock Nuts
364,Mro Supplies,Manufacturing Components & Supplies,Hardware & Fasteners,Fastener,Nuts
365,Mro Supplies,Manufacturing Components & Supplies,Hardware & Fasteners,Fastener,Hex Nut
366,Mro Supplies,Manufacturing Components & Supplies,Hardware & Fasteners,Fastener,Nutsetter
367,Mro Supplies,Manufacturing Components & Supplies,Hardware & Fasteners,Fastener,Pins
368,Mro Supplies,Manufacturing Components & Supplies,Hardware & Fasteners,Fastener,Reclosable Fastener
369,Mro Supplies,Manufacturing Components & Supplies,Hardware & Fasteners,Fastener,Screw Kits
370,Mro Supplies,Manufacturing Components & Supplies,Hardware & Fasteners,Fastener,Screws
371,Mro Supplies,Manufacturing Components & Supplies,Hardware & Fasteners,Fastener,Set Screws
372,Mro Supplies,Manufacturing Components & Supplies,Hardware & Fasteners,Fastener,Shoulder Bolt
373,Mro Supplies,Manufacturing Components & Supplies,Hardware & Fasteners,Fastener,Clip
374,Mro Supplies,Manufacturing Components & Supplies,Hardware & Fasteners,Fastener,Taper Pins With Nuts
375,Mro Supplies,Manufacturing Components & Supplies,Hardware & Fasteners,Fastener,Turnbuckle
376,Mro Supplies,Manufacturing Components & Supplies,Hardware & Fasteners,Hardware,Hardware
377,Mro Supplies,Manufacturing Components & Supplies,Hardware & Fasteners,Hardware,Brackets & Braces
378,Mro Supplies,Manufacturing Components & Supplies,Hardware & Fasteners,Hardware,Connectors
379,Mro Supplies,Manufacturing Components & Supplies,Hardware & Fasteners,Hardware,Couplings
380,Mro Supplies,Manufacturing Components & Supplies,Hardware & Fasteners,Hardware,Drill Chuck
381,Mro Supplies,Manufacturing Components & Supplies,Hardware & Fasteners,Hardware,Flange Coupling
382,Mro Supplies,Manufacturing Components & Supplies,Hardware & Fasteners,Hardware,Flat Washers
383,Mro Supplies,Manufacturing Components & Supplies,Hardware & Fasteners,Hardware,Grommets
384,Mro Supplies,Manufacturing Components & Supplies,Hardware & Fasteners,Hardware,Leaf Springs
385,Mro Supplies,Manufacturing Components & Supplies,Hardware & Fasteners,Hardware,Miscellaneous Hardware
386,Mro Supplies,Manufacturing Components & Supplies,Hardware & Fasteners,Hardware,Pivot Insert
387,Mro Supplies,Manufacturing Components & Supplies,Hardware & Fasteners,Hardware,Retaining Hardware
388,Mro Supplies,Manufacturing Components & Supplies,Hardware & Fasteners,Hardware,Rings
389,Mro Supplies,Manufacturing Components & Supplies,Hardware & Fasteners,Hardware,Rings & Links
390,Mro Supplies,Manufacturing Components & Supplies,Hardware & Fasteners,Hardware,Rolling Hardware
391,Mro Supplies,Manufacturing Components & Supplies,Hardware & Fasteners,Hardware,Shaft Coupling
392,Mro Supplies,Manufacturing Components & Supplies,Hardware & Fasteners,Hardware,Hub
393,Mro Supplies,Manufacturing Components & Supplies,Hardware & Fasteners,Hardware,Shim
394,Mro Supplies,Manufacturing Components & Supplies,Hardware & Fasteners,Hardware,Slip Rings
395,Mro Supplies,Manufacturing Components & Supplies,Hardware & Fasteners,Hardware,Spacers Or St&offs
396,Mro Supplies,Manufacturing Components & Supplies,Hardware & Fasteners,Hardware,Spring Cage
397,Mro Supplies,Manufacturing Components & Supplies,Hardware & Fasteners,Hardware,Spring H&le
398,Mro Supplies,Manufacturing Components & Supplies,Hardware & Fasteners,Hardware,Springs
399,Mro Supplies,Manufacturing Components & Supplies,Hardware & Fasteners,Hardware,Studs
400,Mro Supplies,Manufacturing Components & Supplies,Hardware & Fasteners,Hardware,Taper Lock
401,Mro Supplies,Manufacturing Components & Supplies,Hardware & Fasteners,Hardware,Building & Facility Construction & Maintenance Parts
402,Mro Supplies,Manufacturing Components & Supplies,Hardware & Fasteners,Hardware,Thrust Washers
403,Mro Supplies,Manufacturing Components & Supplies,Hardware & Fasteners,Hardware,Washers
404,Mro Supplies,Manufacturing Components & Supplies,Housings & Cabinets & Casings,Housings & Cabinets & Casings,Housings & Cabinets & Casings
405,Mro Supplies,Manufacturing Components & Supplies,Housings & Cabinets & Casings,Housings & Cabinets,Cabinet Accessories
406,Mro Supplies,Manufacturing Components & Supplies,Housings & Cabinets & Casings,Housings & Cabinets,Safety Cabinet
407,Mro Supplies,Manufacturing Components & Supplies,Mfg Kit,Mfg Kit,Mfg Kit
408,Mro Supplies,Manufacturing Components & Supplies,Mfg Kit,Mfg Kit,Cylinder Rebuild Kit
409,Mro Supplies,Manufacturing Components & Supplies,Mfg Kit,Mfg Kit,Kit Seperator
410,Mro Supplies,Manufacturing Components & Supplies,Mfg Kit,Mfg Kit,Maintenance Kits
411,Mro Supplies,Manufacturing Components & Supplies,Paints & Primers & Finishes,Paint Applicators & Painting Accessories,Activator
412,Mro Supplies,Manufacturing Components & Supplies,Paints & Primers & Finishes,Paint Applicators & Painting Accessories,Paint Marker
413,Mro Supplies,Manufacturing Components & Supplies,Paints & Primers & Finishes,Paint Applicators & Painting Accessories,Paint Nozzles
414,Mro Supplies,Manufacturing Components & Supplies,Paints & Primers & Finishes,Paint Applicators & Painting Accessories,Paint Roller
415,Mro Supplies,Manufacturing Components & Supplies,Paints & Primers & Finishes,Paint Applicators & Painting Accessories,Paint Roller Cover
416,Mro Supplies,Manufacturing Components & Supplies,Pneumatic & Hydraulic & Electric Control Systems,Actuators,Actuators
417,Mro Supplies,Manufacturing Components & Supplies,Pneumatic & Hydraulic & Electric Control Systems,Actuators,Electric Actuators
418,Mro Supplies,Manufacturing Components & Supplies,Pneumatic & Hydraulic & Electric Control Systems,Actuators,Hydraulic Actuators
419,Mro Supplies,Manufacturing Components & Supplies,Pneumatic & Hydraulic & Electric Control Systems,Actuators,Pneumatic Actuators
420,Mro Supplies,Manufacturing Components & Supplies,Pneumatic & Hydraulic & Electric Control Systems,Actuators,Pneumatic Positioner
421,Mro Supplies,Manufacturing Components & Supplies,Pneumatic & Hydraulic & Electric Control Systems,Actuators,Vane Actuators
422,Mro Supplies,Manufacturing Components & Supplies,Refractories,Ceramic Fibre Products,Tag Board
423,Mro Supplies,Manufacturing Components & Supplies,Rope & Chain & Cable & Wire & Strap,Chains,Chain Fingers
424,Mro Supplies,Manufacturing Components & Supplies,Rope & Chain & Cable & Wire & Strap,Chains,Chains Assembly Accessory
425,Mro Supplies,Manufacturing Components & Supplies,Rope & Chain & Cable & Wire & Strap,Chains,Strap
426,Mro Supplies,Manufacturing Components & Supplies,Rope & Chain & Cable & Wire & Strap,Chains,Strapping Tool
427,Mro Supplies,Manufacturing Components & Supplies,Rope & Chain & Cable & Wire & Strap,Mechanical Wire,Mechanical Wire
428,Mro Supplies,Manufacturing Components & Supplies,Rope & Chain & Cable & Wire & Strap,Ropes,Wire Rope
429,Mro Supplies,Manufacturing Components & Supplies,Rope & Chain & Cable & Wire & Strap,Rope & Chain & Cable & Wire & Strap,Wire Tensioner
430,Mro Supplies,Manufacturing Components & Supplies,Seals,Seals,Seals
431,Mro Supplies,Manufacturing Components & Supplies,Seals,Seals,Ceramic Seal
432,Mro Supplies,Manufacturing Components & Supplies,Seals,Seals,Leak Seal
433,Mro Supplies,Manufacturing Components & Supplies,Seals,Mechanical Seals,Mechanical Seals
434,Mro Supplies,Manufacturing Components & Supplies,Seals,Mechanical Seals,Seal Cover
435,Mro Supplies,Manufacturing Components & Supplies,Seals,Seals,Ring Seals
436,Mro Supplies,Manufacturing Components & Supplies,Seals,Seals,Seal Kit
437,Mro Supplies,Manufacturing Components & Supplies,Seals,Seals,Seal Ring
438,Mro Supplies,Manufacturing Components & Supplies,Seals,Seals,Seals Belt
439,Mro Supplies,Manufacturing Components & Supplies,Seals,Seals,Shaft Seals
440,Mro Supplies,"Material H&ling, Storage & Packaging",Containers & Storage,Containers & Storage,Containers & Storage
441,Mro Supplies,"Material H&ling, Storage & Packaging",Containers & Storage,Bags,Bags
442,Mro Supplies,"Material H&ling, Storage & Packaging",Containers & Storage,Bags,Gusseted Bags
443,Mro Supplies,"Material H&ling, Storage & Packaging",Containers & Storage,Basket & Elbow,Basket & Elbow
444,Mro Supplies,"Material H&ling, Storage & Packaging",Containers & Storage,Bath Tank,Bath Tank
445,Mro Supplies,"Material H&ling, Storage & Packaging",Containers & Storage,Bins & Baskets,Bins & Baskets
446,Mro Supplies,"Material H&ling, Storage & Packaging",Containers & Storage,Boxes,Boxes
447,Mro Supplies,"Material H&ling, Storage & Packaging",Containers & Storage,Carbon Filter Tank,Carbon Filter Tank
448,Mro Supplies,"Material H&ling, Storage & Packaging",Containers & Storage,Cardboard/Paper Containers,Cardboard/Paper Containers
449,Mro Supplies,"Material H&ling, Storage & Packaging",Containers & Storage,Cardboard/Paper Containers,Corrugated Pad
450,Mro Supplies,"Material H&ling, Storage & Packaging",Containers & Storage,Mixing Tank,Mixing Tank
451,Mro Supplies,"Material H&ling, Storage & Packaging",Containers & Storage,Oil Containers,Oil Containers
452,Mro Supplies,"Material H&ling, Storage & Packaging",Containers & Storage,Plastics,Plastics
453,Mro Supplies,"Material H&ling, Storage & Packaging",Containers & Storage,Plate/Tray,Plate/Tray
454,Mro Supplies,"Material H&ling, Storage & Packaging",Containers & Storage,Specialized Warehousing & Storage,Refrigerated Storage
455,Mro Supplies,"Material H&ling, Storage & Packaging",Containers & Storage,Specialized Warehousing & Storage,Cooler
456,Mro Supplies,"Material H&ling, Storage & Packaging",Containers & Storage,Containers & Storage,Spill Control
457,Mro Supplies,"Material H&ling, Storage & Packaging",Containers & Storage,Storage Chests & Cabinets & Trunks,Storage Chests & Cabinets & Trunks
458,Mro Supplies,"Material H&ling, Storage & Packaging",Containers & Storage,Storage Tank,Storage Tank
459,Mro Supplies,"Material H&ling, Storage & Packaging",Dock Equipment & Parts,Dock Equipment & Parts,Dock Equipment & Parts
460,Mro Supplies,"Material H&ling, Storage & Packaging",Industrial Truck & Parts,Industrial Truck & Parts,Industrial Truck & Parts
461,Mro Supplies,"Material H&ling, Storage & Packaging",Lifting Equipment & Parts,Lifting Equipment & Parts,Lifting Equipment & Parts
462,Mro Supplies,"Material H&ling, Storage & Packaging",Material H&ling Machinery & Equipment,Conveyors & Accessories,Conveyors & Accessories
463,Mro Supplies,"Material H&ling, Storage & Packaging",Material H&ling Machinery & Equipment,Conveyors & Accessories,Air Conveyor
464,Mro Supplies,"Material H&ling, Storage & Packaging",Material H&ling Machinery & Equipment,Conveyors & Accessories,Belt Conveyors
465,Mro Supplies,"Material H&ling, Storage & Packaging",Material H&ling Machinery & Equipment,Conveyors & Accessories,Conveyor Chain
466,Mro Supplies,"Material H&ling, Storage & Packaging",Material H&ling Machinery & Equipment,Conveyors & Accessories,Flush Grid
467,Mro Supplies,"Material H&ling, Storage & Packaging",Material H&ling Machinery & Equipment,Conveyors & Accessories,Table Top Chain
468,Mro Supplies,"Material H&ling, Storage & Packaging",Material H&ling Machinery & Equipment,Conveyors & Accessories,Chains
469,Mro Supplies,"Material H&ling, Storage & Packaging",Material H&ling Machinery & Equipment,Conveyors & Accessories,Conveyor Pulleys
470,Mro Supplies,"Material H&ling, Storage & Packaging",Material H&ling Machinery & Equipment,Conveyors & Accessories,Dumping Card Conveyor
471,Mro Supplies,"Material H&ling, Storage & Packaging",Material H&ling Machinery & Equipment,Conveyors & Accessories,Floor Fan
472,Mro Supplies,"Material H&ling, Storage & Packaging",Material H&ling Machinery & Equipment,Conveyors & Accessories,Neck Guide
473,Mro Supplies,"Material H&ling, Storage & Packaging",Material H&ling Machinery & Equipment,Conveyors & Accessories,Plates Assembly
474,Mro Supplies,"Material H&ling, Storage & Packaging",Material H&ling Machinery & Equipment,Conveyors & Accessories,Roller
475,Mro Supplies,"Material H&ling, Storage & Packaging",Material H&ling Machinery & Equipment,Conveyors & Accessories,St Belt
476,Mro Supplies,"Material H&ling, Storage & Packaging",Material H&ling Machinery & Equipment,Conveyors & Parts,Roller Conveyor
477,Mro Supplies,"Material H&ling, Storage & Packaging",Material H&ling Machinery & Equipment,Lifting Equipment & Accessories,Lifting Equipment & Accessories
478,Mro Supplies,"Material H&ling, Storage & Packaging",Material H&ling Machinery & Equipment,Lifting Equipment & Accessories,Vaccum Cylinder
479,Mro Supplies,"Material H&ling, Storage & Packaging",Material H&ling Machinery & Equipment,Material H&ling Equipment & Supplies,Material H&ling Equipment & Supplies
480,Mro Supplies,"Material H&ling, Storage & Packaging",Material H&ling Machinery & Equipment,Material H&ling Equipment & Supplies,Cart
481,Mro Supplies,"Material H&ling, Storage & Packaging",Material H&ling Machinery & Equipment,Waste Material H&ling & Recycling Systems,Waste Material H&ling & Recycling Systems
482,Mro Supplies,"Material H&ling, Storage & Packaging",Shipping/ Packing Supplies,Charging Cap,Charging Cap
483,Mro Supplies,"Material H&ling, Storage & Packaging",Shipping/ Packing Supplies,Foil/Foam/Film,Foil/Foam/Film
484,Mro Supplies,"Material H&ling, Storage & Packaging",Shipping/ Packing Supplies,H&ling Related Shrink Wrap,H&ling Related Shrink Wrap
485,Mro Supplies,"Material H&ling, Storage & Packaging",Shipping/ Packing Supplies,Labels,Labels
486,Mro Supplies,"Material H&ling, Storage & Packaging",Shipping/ Packing Supplies,Lid Magzines,Lid Magzines
487,Mro Supplies,"Material H&ling, Storage & Packaging",Shipping/ Packing Supplies,Lids,Lids
488,Mro Supplies,"Material H&ling, Storage & Packaging",Shipping/ Packing Supplies,Packing Supplies,Packing Supplies
489,Mro Supplies,"Material H&ling, Storage & Packaging",Shipping/ Packing Supplies,Rinser Rail,Rinser Rail
490,Mro Supplies,"Material H&ling, Storage & Packaging",Shipping/ Packing Supplies,Stretch Wrap,Stretch Wrap
491,Mro Supplies,"Material H&ling, Storage & Packaging",Shipping/ Packing Supplies,Tool Belts,Tool Belts
492,Mro Supplies,"Material H&ling, Storage & Packaging",Shipping/ Packing Supplies,Tool Belts,Micropitch Belt
493,Mro Supplies,Medical Equipment & Accessories & Supplies,Medical Equipment & Accessories & Supplies,Medical Equipment & Accessories & Supplies,Medical Equipment & Accessories & Supplies
494,Mro Supplies,Medical Equipment & Accessories & Supplies,Mobile Medical Services Products,Mobile Medical Services Kits,Mobile Medical Services First Aid Kits
495,Mro Supplies,Medical Equipment & Accessories & Supplies,Patient Care & Treatment Products & Supplies,Vision Correction Or Cosmetic Eyewear & Related Products,Vision Correction Or Cosmetic Eyewear & Related Products
496,Mro Supplies,Mineral & Textile & Inedible Plant & Animal Materials,Alloys,Basic Steels,Basic Steels
497,Mro Supplies,Mineral & Textile & Inedible Plant & Animal Materials,Minerals & Ores & Metals,Base Metals,Steel
498,Mro Supplies,Oem Equipment,Oem Equipment / Machine,Oem Equipment / Machine,Oem Equipment / Machine
499,Mro Supplies,Oem Equipment,Oem Spare Parts,Oem Spare Parts,Oem Spare Parts
500,Mro Supplies,"Office Equipment, Furniture, & Supplies",Furniture,Furniture,Furniture
501,Mro Supplies,"Office Equipment, Furniture, & Supplies",Office Equipment & Accessories & Supplies,Office Equipment & Accessories & Supplies,Office Equipment & Accessories & Supplies
502,Mro Supplies,"Office Equipment, Furniture, & Supplies",Office Supplies,Office Supplies,Boards/Easels
503,Mro Supplies,"Office Equipment, Furniture, & Supplies",Office Supplies,Desk Supplies,Desk Supplies
504,Mro Supplies,"Office Equipment, Furniture, & Supplies",Office Supplies,Office Supplies,Dividers
505,Mro Supplies,"Office Equipment, Furniture, & Supplies",Office Supplies,Office Supplies,Label Tape
506,Mro Supplies,"Office Equipment, Furniture, & Supplies",Office Supplies,Office Supplies,Packing Tape
507,Mro Supplies,"Office Equipment, Furniture, & Supplies",Office Supplies,Office Supplies,Paper Cutter
508,Mro Supplies,"Office Equipment, Furniture, & Supplies",Office Supplies,Paper Materials & Products,Paper Materials & Products
509,Mro Supplies,"Office Equipment, Furniture, & Supplies",Office Supplies,Printing & Writing Paper,Layer Pad
510,Mro Supplies,"Office Equipment, Furniture, & Supplies",Office Supplies,Printing & Writing Paper,Paper Pads Or Notebooks
511,Mro Supplies,"Office Equipment, Furniture, & Supplies",Office Supplies,Printing & Writing Paper,Stationery
512,Mro Supplies,"Office Equipment, Furniture, & Supplies",Office Supplies,Office Supplies,Shelves
513,Mro Supplies,"Office Equipment, Furniture, & Supplies",Office Supplies,Office Supplies,Steel Cart
514,Mro Supplies,"Office Equipment, Furniture, & Supplies",Office Supplies,Toner,Toner
515,Mro Supplies,"Office Equipment, Furniture, & Supplies",Office Supplies,Writing Instruments,Writing Instruments
516,Mro Supplies,"Office Equipment, Furniture, & Supplies",Office Supplies,Writing Instruments,Marker
517,Mro Supplies,"Office Equipment, Furniture, & Supplies",Office Supplies,Writing Instruments,Pen
518,Mro Supplies,Food & Restaurant Supplies & Equipment,Pantry Supplies,Pantry Supplies,Cap
519,Mro Supplies,Food & Restaurant Supplies & Equipment,Pantry Supplies,Pantry Supplies,Cup
520,Mro Supplies,Food & Restaurant Supplies & Equipment,Pantry Supplies,Pantry Supplies,Napkins
521,Mro Supplies,Food & Restaurant Supplies & Equipment,Pantry Supplies,Pantry Supplies,Spoon
522,Mro Supplies,Food & Restaurant Supplies & Equipment,Pantry Supplies,Pantry Supplies,Sugar
523,Mro Supplies,Food & Restaurant Supplies & Equipment,Pantry Supplies,Pantry Supplies,Sweetner
524,Mro Supplies,"Pipes, Valves & Fittings",Pipes,Pipes,Pipes
525,Mro Supplies,"Pipes, Valves & Fittings",Plumbing & Hardware,Plumbing & Hardware,Plumbing & Hardware
526,Mro Supplies,"Pipes, Valves & Fittings",Seals,Divert Valve,Divert Valve
527,Mro Supplies,"Pipes, Valves & Fittings",Strainers & Traps,Strainers & Traps,Strainers & Traps
528,Mro Supplies,"Pipes, Valves & Fittings",Tires & Tire Tubes,Tires & Tire Tubes,Tires & Tire Tubes
529,Mro Supplies,"Pipes, Valves & Fittings",Tube & Pipe Fittings,Tube & Pipe Fittings,Tube & Pipe Fittings
530,Mro Supplies,"Pipes, Valves & Fittings",Tube & Pipe Fittings,Sanitary Tube Fitting,Sanitary Tube Fitting
531,Mro Supplies,"Pipes, Valves & Fittings",Tube & Pipe Fittings,Tube Fittings,Tube Fittings
532,Mro Supplies,"Pipes, Valves & Fittings",Tube & Pipe Fittings,Tube Fittings,Tube Cap
533,Mro Supplies,"Pipes, Valves & Fittings",Tube & Pipe Fittings,Tube Spacers,Tube Spacers
534,Mro Supplies,"Pipes, Valves & Fittings",Tube,Extraction Tube,Extraction Tube
535,Mro Supplies,"Pipes, Valves & Fittings",Tube,Vent Tube,Vent Tube
536,Mro Supplies,"Pipes, Valves & Fittings",Valves,Diaphragm Valves,Diaphragm Valves
537,Mro Supplies,"Pipes, Valves & Fittings",Valves,Electrovalve,Electrovalve
538,Mro Supplies,"Pipes, Valves & Fittings",Valves,Hydraulic Valves,Hydraulic Valves
539,Mro Supplies,"Pipes, Valves & Fittings",Valves,Valve Stem,Valve Stem
540,Mro Supplies,"Pipes, Valves & Fittings",Valve Kits / Parts,Valve Kits / Parts,Valve Kits / Parts
541,Mro Supplies,"Pipes, Valves & Fittings",Valve Kits / Parts,Valve Air,Valve Air
542,Mro Supplies,"Pipes, Valves & Fittings",Valve Kits / Parts,Valve Assembly,Valve Assembly
543,Mro Supplies,"Pipes, Valves & Fittings",Valve Kits / Parts,Valve Check,Valve Check
544,Mro Supplies,"Pipes, Valves & Fittings",Valve Kits / Parts,Valve Exhaust,Valve Exhaust
545,Mro Supplies,"Pipes, Valves & Fittings",Valve Kits / Parts,Valve H&le,Valve H&le
546,Mro Supplies,"Pipes, Valves & Fittings",Valve Kits / Parts,Valve Mac,Valve Mac
547,Mro Supplies,"Pipes, Valves & Fittings",Valve Kits / Parts,Valve Plug,Valve Plug
548,Mro Supplies,"Pipes, Valves & Fittings",Valve Kits / Parts,Valve Seat,Valve Seat
549,Mro Supplies,"Pipes, Valves & Fittings",Valve Kits / Parts,Valves Cover,Valves Cover
550,Mro Supplies,"Pipes, Valves & Fittings",Valve Systems,Valve Systems,Valve Systems
551,Mro Supplies,"Pipes, Valves & Fittings",Valves,Valves,Valves
552,Mro Supplies,"Pipes, Valves & Fittings",Valves,Ball Valves,Ball Valves
553,Mro Supplies,"Pipes, Valves & Fittings",Valves,Valves,Diverter
554,Mro Supplies,"Pipes, Valves & Fittings",Valves,Fluid & Gas Distribution,Control Valves
555,Mro Supplies,"Pipes, Valves & Fittings",Valves,Knife Gate Valve,Knife Gate Valve
556,Mro Supplies,"Pipes, Valves & Fittings",Valves,Valves,Leveling Mount
557,Mro Supplies,"Pipes, Valves & Fittings",Valves,O-Ring Valve,O-Ring Valve
558,Mro Supplies,"Pipes, Valves & Fittings",Valves,Pneumatics Valve,Pneumatics Valve
559,Mro Supplies,"Pipes, Valves & Fittings",Valves,Sampling Valve,Sampling Valve
560,Mro Supplies,"Pipes, Valves & Fittings",Valves,Solenoid Valves,Solenoid Valves
561,Mro Supplies,"Pipes, Valves & Fittings",Valves,Valves,Vacuum Nozzle
562,Mro Supplies,"Pipes, Valves & Fittings",Valves,Valve Cap,Valve Cap
563,Mro Supplies,"Pipes, Valves & Fittings",Valves,Valve Flow,Valve Flow
564,Mro Supplies,"Pipes, Valves & Fittings",Valves,Valve Safety,Valve Safety
565,Mro Supplies,"Pipes, Valves & Fittings",Valves,Valve Safety,Pressure Relief Valve
566,Mro Supplies,"Pipes, Valves & Fittings",Valves,Valves Rod,Valves Rod
567,Mro Supplies,Power Generation & Distribution Machinery & Accessories,Power Generation & Distribution Machinery & Accessories,Batteries & Generators & Kinetic Power Transmission,Batteries & Cells & Accessories
568,Mro Supplies,Power Generation & Distribution Machinery & Accessories,Power Generation & Distribution Machinery & Accessories,Batteries & Generators & Kinetic Power Transmission,Drive Components
569,Mro Supplies,Power Generation & Distribution Machinery & Accessories,Power Generation & Distribution Machinery & Accessories,Batteries & Generators & Kinetic Power Transmission,Cone Drive
570,Mro Supplies,Power Generation & Distribution Machinery & Accessories,Transmission Belts & Pulleys,Transmission Belts & Pulleys,Belt
571,Mro Supplies,Power Generation & Distribution Machinery & Accessories,Batteries & Generators & Kinetic Power Transmission,Drive Components,Pitch Belts
572,Mro Supplies,Power Generation & Distribution Machinery & Accessories,Power Generation & Distribution Machinery & Accessories,Batteries & Generators & Kinetic Power Transmission,Spindle Drive
573,Mro Supplies,Power Generation & Distribution Machinery & Accessories,Power Generation & Distribution Machinery & Accessories,Batteries & Generators & Kinetic Power Transmission,V Belts
574,Mro Supplies,Power Generation & Distribution Machinery & Accessories,Power Generation & Distribution Machinery & Accessories,Batteries & Generators & Kinetic Power Transmission,Friction Tester
575,Mro Supplies,Power Generation & Distribution Machinery & Accessories,Power Generation & Distribution Machinery & Accessories,Batteries & Generators & Kinetic Power Transmission,Chain Drive Case
576,Mro Supplies,Power Generation & Distribution Machinery & Accessories,Power Generation & Distribution Machinery & Accessories,Batteries & Generators & Kinetic Power Transmission,Chain Drives
577,Mro Supplies,Power Generation & Distribution Machinery & Accessories,Power Generation & Distribution Machinery & Accessories,Batteries & Generators & Kinetic Power Transmission,Vacuum Generators Catridge
578,Mro Supplies,Power Generation & Distribution Machinery & Accessories,Brakes & Clutches,Brakes & Clutches,Brakes & Clutches
579,Mro Supplies,Power Generation & Distribution Machinery & Accessories,Brakes & Clutches,Brakes & Clutches,Stearns Brake
580,Mro Supplies,Power Generation & Distribution Machinery & Accessories,Chains & Sprockets,Chains & Sprockets,Chains & Sprockets
581,Mro Supplies,Power Generation & Distribution Machinery & Accessories,Chains & Sprockets,Chains & Sprockets,Sprocket
582,Mro Supplies,Power Generation & Distribution Machinery & Accessories,"Couplings, Collars & Universal Joints","Couplings, Collars & Universal Joints","Couplings, Collars & Universal Joints"
583,Mro Supplies,Power Generation & Distribution Machinery & Accessories,"Couplings, Collars & Universal Joints","Couplings, Collars & Universal Joints",Coupling
584,Mro Supplies,Power Generation & Distribution Machinery & Accessories,"Couplings, Collars & Universal Joints","Couplings, Collars & Universal Joints",Rotary Joint
585,Mro Supplies,Power Generation & Distribution Machinery & Accessories,"Couplings, Collars & Universal Joints","Couplings, Collars & Universal Joints",Coupling Hub
586,Mro Supplies,Power Generation & Distribution Machinery & Accessories,Power Generation & Distribution Machinery & Accessories,Electrical Wire & Cable & Harness,Electrical Wire & Cable & Harness
587,Mro Supplies,Power Generation & Distribution Machinery & Accessories,Power Generation & Distribution Machinery & Accessories,Electrical Wire & Cable & Harness,Electrical Cable & Accessories
588,Mro Supplies,Power Generation & Distribution Machinery & Accessories,Power Generation & Distribution Machinery & Accessories,Electrical Wire & Cable & Harness,Fiber Optic Cable
589,Mro Supplies,Power Generation & Distribution Machinery & Accessories,Power Generation & Distribution Machinery & Accessories,Electrical Wire & Cable & Harness,Power Cables
590,Mro Supplies,Power Generation & Distribution Machinery & Accessories,Power Generation & Distribution Machinery & Accessories,Electrical Wire & Cable & Harness,Electrical Wire
591,Mro Supplies,Power Generation & Distribution Machinery & Accessories,Power Generation & Distribution Machinery & Accessories,Electrical Wire & Cable & Harness,Extension Cord
592,Mro Supplies,Power Generation & Distribution Machinery & Accessories,Engine Components,Engine Components,Engine Components
593,Mro Supplies,Power Generation & Distribution Machinery & Accessories,Motors & Components,Motors & Components,Motors & Components
594,Mro Supplies,Power Generation & Distribution Machinery & Accessories,Motors & Components,Motors & Components,Air Cylinder
595,Mro Supplies,Power Generation & Distribution Machinery & Accessories,Motors & Components,Motors & Components,Air Nozzle
596,Mro Supplies,Power Generation & Distribution Machinery & Accessories,Motors & Components,Motors & Components,Base Plate
597,Mro Supplies,Power Generation & Distribution Machinery & Accessories,Motors & Components,Motors & Components,Fan Motor
598,Mro Supplies,Power Generation & Distribution Machinery & Accessories,Motors & Components,Motors & Components,High Pressure Cylinder
599,Mro Supplies,Power Generation & Distribution Machinery & Accessories,Motors & Components,Motors & Components,Mounting
600,Mro Supplies,Power Generation & Distribution Machinery & Accessories,Motors & Components,Motors & Components,Push Rod
601,Mro Supplies,Power Generation & Distribution Machinery & Accessories,Motors & Components,Motors & Components,Push Rod Sleeve
602,Mro Supplies,Power Generation & Distribution Machinery & Accessories,Motors & Components,Motors & Components,Sleeve
603,Mro Supplies,Power Generation & Distribution Machinery & Accessories,Motors & Components,Motors & Components,Sleeve Magnet
604,Mro Supplies,Power Generation & Distribution Machinery & Accessories,Motors & Components,Motors & Components,Vibrator
605,Mro Supplies,Power Generation & Distribution Machinery & Accessories,Power Generation & Distribution Machinery & Accessories,Power Sources,Electric Alternating Current Ac Motors
606,Mro Supplies,Power Generation & Distribution Machinery & Accessories,Power Generation & Distribution Machinery & Accessories,Power Sources,Engine Components & Accessories
607,Mro Supplies,Power Generation & Distribution Machinery & Accessories,Power Generation & Distribution Machinery & Accessories,Power Sources,Piston Rings
608,Mro Supplies,Power Generation & Distribution Machinery & Accessories,Power Generation & Distribution Machinery & Accessories,Power Sources,Piston Rings Guide
609,Mro Supplies,Power Generation & Distribution Machinery & Accessories,Power Generation & Distribution Machinery & Accessories,Power Sources,Piston Rod
610,Mro Supplies,Power Generation & Distribution Machinery & Accessories,Power Generation & Distribution Machinery & Accessories,Power Sources,Steam Regulator
611,Mro Supplies,Power Generation & Distribution Machinery & Accessories,Power Generation & Distribution Machinery & Accessories,Power Sources,Turbine Engines
612,Mro Supplies,Power Generation & Distribution Machinery & Accessories,Power Generation & Distribution Machinery & Accessories,Power Sources,Gas Chamber
613,Mro Supplies,Power Generation & Distribution Machinery & Accessories,Power Generation & Distribution Machinery & Accessories,Power Sources,Motor
614,Mro Supplies,Power Generation & Distribution Machinery & Accessories,Power Generation & Distribution Machinery & Accessories,Power Sources,Chain Roller
615,Mro Supplies,Power Generation & Distribution Machinery & Accessories,Shafts/ Axles,Shafts/ Axles,Shafts/ Axles
616,Mro Supplies,Power Generation & Distribution Machinery & Accessories,Transmission Belts & Pulleys,Transmission Belts & Pulleys,Transmission Belts & Pulleys
617,Mro Supplies,Power Generation & Distribution Machinery & Accessories,Transmission Belts & Pulleys,Transmission Belts & Pulleys,Round Belts
618,Mro Supplies,Printing & Photographic & Audio & Visual Equipment & Supplies,Printing & Photographic & Audio & Visual Equipment & Supplies,Printing & Photographic & Audio & Visual Equipment & Supplies,Printing & Photographic & Audio & Visual Equipment & Supplies
619,Mro Supplies,Printing & Photographic & Audio & Visual Equipment & Supplies,Photographic Or Filming Or Video Equipment,Camera Accessories,Camera Accessories
620,Mro Supplies,Printing & Photographic & Audio & Visual Equipment & Supplies,Photographic Or Filming Or Video Equipment,Camera Accessories,Cup Pack
621,Mro Supplies,Printing & Photographic & Audio & Visual Equipment & Supplies,Photographic Or Filming Or Video Equipment,Camera Accessories,Grid Pack
622,Mro Supplies,Printing & Photographic & Audio & Visual Equipment & Supplies,Photographic Or Filming Or Video Equipment,Camera Accessories,Camera Lens
623,Mro Supplies,Printing & Photographic & Audio & Visual Equipment & Supplies,Photographic Or Filming Or Video Equipment,Camera Accessories,Ocxr Cam
624,Mro Supplies,Printing & Photographic & Audio & Visual Equipment & Supplies,Printing & Photographic & Audio & Visual Equipment & Supplies,Printing & Photographic & Audio & Visual Equipment & Supplies,Print Engine
625,Mro Supplies,Printing & Photographic & Audio & Visual Equipment & Supplies,Printing & Visual Supplies,Printing Supplies,Label Ink
626,Mro Supplies,Published Products,Signage & Accessories,Signage,Signage
627,Mro Supplies,Published Products,Signage & Accessories,Tags,Identification Tags
628,Mro Supplies,Published Products,Signage & Accessories,Tags,Safety Tag
629,Mro Supplies,Pumps & Compressors,Compressors,Compressors,Compressors
630,Mro Supplies,Pumps & Compressors,Compressors,Air Compressors,Air Compressors
631,Mro Supplies,Pumps & Compressors,Pump Parts & Accessories,Pump Parts & Accessories,Pump Parts & Accessories
632,Mro Supplies,Pumps & Compressors,Pump Parts & Accessories,Diaphragm Shaft,Diaphragm Shaft
633,Mro Supplies,Pumps & Compressors,Pump Parts & Accessories,Industrial Pumps & Compressors,Vacuum Rolls
634,Mro Supplies,Pumps & Compressors,Pump Parts & Accessories,Pump Impeller,Pump Impeller
635,Mro Supplies,Pumps & Compressors,Pump Parts & Accessories,Pump Motor,Pump Motor
636,Mro Supplies,Pumps & Compressors,Pump Parts & Accessories,Pump Shaft,Pump Shaft
637,Mro Supplies,Pumps & Compressors,Pump Parts & Accessories,Pumps Filter,Pumps Filter
638,Mro Supplies,Pumps & Compressors,Pumps,Pumps,Pumps
639,Mro Supplies,Pumps & Compressors,Pumps,Chemical Pumps,Chemical Pumps
640,Mro Supplies,Pumps & Compressors,Pumps,Industrial Pumps & Compressors,Vacuum Pumps
641,Mro Supplies,Pumps & Compressors,Pumps,Lube Pumps,Lube Pumps
642,Mro Supplies,Pumps & Compressors,Pumps,Pe,Micro Pump
643,Mro Supplies,Pumps & Compressors,Pumps,Pump Kits,Pump Repair Kits
644,Mro Supplies,Pumps & Compressors,Pumps,Pump Kits,Spx Flowkit
645,Mro Supplies,Pumps & Compressors,Pumps,Reciprocatory Pumps,Reciprocatory Pumps
646,Mro Supplies,Pumps & Compressors,Pumps,Rotary Pumps,Rotary Pumps
647,Mro Supplies,Pumps & Compressors,Pumps,Water Pumps,Water Pumps
648,Mro Supplies,Pumps & Compressors,Pumps,Water Warmer,Water Warmer
649,Mro Supplies,Pumps & Compressors,Pumps &,Pump Kits,Vacuum Pumps Kit
650,Mro Supplies,Safety Supplies,Safety Supplies,Safety Supplies,Safety Supplies
651,Mro Supplies,Safety Supplies,Detection Devices/Alarms,Detection Devices/Alarms,Detection Devices/Alarms
652,Mro Supplies,Safety Supplies,Ear Protection,Ear Protection,Ear Protection
653,Mro Supplies,Safety Supplies,Ear Protection,Ear Plugs,Ear Plugs
654,Mro Supplies,Safety Supplies,First Aid/ Medical Supplies,First Aid/ Medical Supplies,First Aid/ Medical Supplies
655,Mro Supplies,Safety Supplies,Safety Supplies,Safety Supplies,Scraper
656,Mro Supplies,Safety Supplies,H& Protection,Gloves,Gloves
657,Mro Supplies,Safety Supplies,H& Protection,Gloves,Nitrile Gloves
658,Mro Supplies,Safety Supplies,H& Protection,Gloves,Nylon Gloves
659,Mro Supplies,Safety Supplies,H& Protection,Gloves,Safety Gloves
660,Mro Supplies,Safety Supplies,H& Protection,Gloves,Cut Resistant Gloves
661,Mro Supplies,Safety Supplies,Respirators,Respirators,Respirators
662,Mro Supplies,Safety Supplies,Safety Supplies,Safety Supplies,Safety Blades
663,Mro Supplies,Safety Supplies,Safety Clothes,Safety Clothes,Safety Clothes
664,Mro Supplies,Safety Supplies,Safety Clothes,Safety Clothes,Bouffant Cap
665,Mro Supplies,Safety Supplies,Safety Clothes,Coverall,Coverall
666,Mro Supplies,Safety Supplies,Safety Equipment,Safety Equipment,Safety Equipment
667,Mro Supplies,Safety Supplies,Safety Equipment,Safety Equipment,Safety Knife
668,Mro Supplies,Safety Supplies,Safety Glasses,Safety Glasses,Safety Glasses
669,Mro Supplies,Safety Supplies,Safety Supplies,Safety Supplies,Safety Latch
670,Mro Supplies,Safety Supplies,Safety Supplies,Safety Supplies,Safety Rail
671,Mro Supplies,Safety Supplies,Safety Supplies,Safety Supplies,Safety Storage
672,Mro Supplies,Tools & General Machinery,Tools & General Machinery,Tools & General Machinery,Tools & General Machinery
673,Mro Supplies,Tools & General Machinery,H& Tools,H& Tools,H& Tools
674,Mro Supplies,Tools & General Machinery,H& Tools,Cutting & Crimping & Punching Tools,Anti-Rotation Knives
675,Mro Supplies,Tools & General Machinery,H& Tools,Cutting & Crimping & Punching Tools,Blades
676,Mro Supplies,Tools & General Machinery,H& Tools,Cutting & Crimping & Punching Tools,Cutters
677,Mro Supplies,Tools & General Machinery,H& Tools,Cutting & Crimping & Punching Tools,Glue Scraper
678,Mro Supplies,Tools & General Machinery,H& Tools,Cutting & Crimping & Punching Tools,Knife
679,Mro Supplies,Tools & General Machinery,H& Tools,Cutting & Crimping & Punching Tools,Pipe Cutters
680,Mro Supplies,Tools & General Machinery,H& Tools,Cutting & Crimping & Punching Tools,Punching Tool
681,Mro Supplies,Tools & General Machinery,H& Tools,Cutting & Crimping & Punching Tools,Wire Cutters
682,Mro Supplies,Tools & General Machinery,H& Tools,Hammer,Hammer
683,Mro Supplies,Tools & General Machinery,H& Tools,Pulling Tools,Puller Set
684,Mro Supplies,Tools & General Machinery,H& Tools,Ratchet & Accessories,Socket Adapters
685,Mro Supplies,Tools & General Machinery,H& Tools,H& Tools,Strap Clamps
686,Mro Supplies,Tools & General Machinery,H& Tools,Tool Attachments & Accessories,Tool Attachments & Accessories
687,Mro Supplies,Tools & General Machinery,H& Tools,Tool Attachments & Accessories,Mount Attachments & Accessories
688,Mro Supplies,Tools & General Machinery,H& Tools,Tool Attachments & Accessories,Threading Taps
689,Mro Supplies,Tools & General Machinery,H& Tools,Tool Kits,Tool Kits
690,Mro Supplies,Tools & General Machinery,H& Tools,Tool Kits,Repair Kit
691,Mro Supplies,Tools & General Machinery,H& Tools,Tool Kits,Retractor
692,Mro Supplies,Tools & General Machinery,H& Tools,Wrenches & Drivers,Drivers
693,Mro Supplies,Tools & General Machinery,H& Tools,Wrenches & Drivers,Low Pressure Guage
694,Mro Supplies,Tools & General Machinery,H& Tools,Wrenches & Drivers,Ratchet Wrench
695,Mro Supplies,Tools & General Machinery,H& Tools,Wrenches & Drivers,Screwdriver Set
696,Mro Supplies,Tools & General Machinery,H& Tools,Wrenches & Drivers,H&le
697,Mro Supplies,Tools & General Machinery,H& Tools,Wrenches & Drivers,Wrenches
698,Mro Supplies,Tools & General Machinery,H& Tools,Wrenches & Drivers,Pipe Wrenches
699,Mro Supplies,Tools & General Machinery,Pneumatic Machinery & Equipment,Pneumatic Tools,Pneumatic Tools
700,Mro Supplies,Safety Supplies,Foot Protection,Safety Shoes,Boots
701,Mro Supplies,Safety Supplies,H& Protection,Gloves,Chemical Resistant Gloves
702,Mro Supplies,Safety Supplies,H& Protection,Gloves,Impact Resistant Gloves
703,Mro Supplies,Safety Supplies,Safety Supplies,Safety Shoes,Safety Shoes
704,Mro Supplies,Safety Supplies,Safety Supplies,Safety Supplies,Masks
705,Mro Supplies,Safety Supplies,Safety Supplies,Safety Supplies,Fall Protection
706,Mro Supplies,"Pipes, Valves & Fittings",Valves,Butterfly Valves,Butterfly Valves
707,Mro Supplies,"Pipes, Valves & Fittings",Valves,Needle Valves,Needle Valves
708,Mro Supplies,"Pipes, Valves & Fittings",Tube & Pipe Fittings,Fittings & Flanges,Flanges
709,Mro Supplies,"Pipes, Valves & Fittings",Tube & Pipe Fittings,Fittings & Plugs,Plugs
710,Mro Supplies,"Pipes, Valves & Fittings",Tube & Pipe Fittings,Fittings & Unions,Unions
711,Mro Supplies,"Pipes, Valves & Fittings",Tube & Pipe Fittings,Fittings & Unions,Hammer Unions
712,Mro Supplies,"Pipes, Valves & Fittings",Tube & Pipe Fittings,Fittings & Elbows,Elbows
713,Mro Supplies,"Pipes, Valves & Fittings",Tube & Pipe Fittings,Fittings & Figs,Figs
714,Mro Supplies,"Pipes, Valves & Fittings",Pipes/Hoses,Drill Pipes,Drill Pipes
715,Mro Supplies,"Pipes, Valves & Fittings",Pipes/Hoses,Suction Pipe/Hose,Suction Pipe/Hose
716,Mro Supplies,Electrical,Distribution & Conditioning Systems & Equipment & Components,Fluid & Gas Distribution,Hose Protector
717,Mro Supplies,"Pipes, Valves & Fittings",Tube & Pipe Fittings,Fittings & Nipples,Nipples
718,Mro Supplies,Electrical,Distribution & Conditioning Systems & Equipment & Components,Fluid & Gas Distribution,Hose Assembly
719,Mro Supplies,Safety Supplies,Head Protection,Helmets,Helmets
720,Mro Supplies,Safety Supplies,Safety Clothes,Safety Clothes,Apron
721,Mro Supplies,Safety Supplies,Safety Clothes,Safety Clothes,Jacket
722,Mro Supplies,Mining & Well Drilling Machinery & Accessories,Oil & Gas Drilling & Exploration Equipment,Drilling Tools,Drilling Tools
723,Mro Supplies,Mining & Well Drilling Machinery & Accessories,Oil & Gas Drilling & Exploration Equipment,Drilling & Workover Rigs & Equipment,Hydraulic Power Unit
724,Mro Supplies,Industrial Manufacturing & Processing Machinery & Accessories,Welding & Soldering & Brazing Machinery & Accessories & Supplies,Welding Wire,Welding Wire
725,Mro Supplies,Manufacturing Components & Supplies,Paints & Primers & Finishes, Paints & Primers, Paints & Primers
726,Mro Supplies,Mining & Well Drilling Machinery & Accessories,Oil & Gas Drilling & Exploration Equipment,S& Control Equipment, S& Control Screens
727,Mro Supplies,Pumps & Compressors,Pumps,Oil Pumps,Oil Pumps
728,Mro Supplies,Pumps & Compressors,Pumps,Hydraulic Pumps,Hydraulic Pumps
729,Mro Supplies,Mining & Well Drilling Machinery & Accessories,Oil & Gas Drilling & Exploration Equipment,Cementing Equipment,Bridge Plug Parts & Accessories
730,Mro Supplies,Material H&ling & Conditioning & Storage Machinery & Their Accessories & Supplie,Material H&ling Machinery & Equipment,Lifting Equipment & Accessories,Overhead Crane
731,Mro Supplies,Mining & Well Drilling Machinery & Accessories,Oil & Gas Drilling & Exploration Equipment, Wellhead Equipment,Tubing Head Adapter
732,Mro Supplies,Electrical,Electrical Systems & Lighting & Components & Accessories & Supplies,Electrical Equipment & Components & Supplies,Cable Protectors
733,Mro Supplies,Mining & Well Drilling Machinery & Accessories,Oil & Gas Drilling & Exploration Equipment,Conventional Drilling Tools,Blowout Preventer Parts & Accessories
734,Mro Supplies,Fluid Power,Hydraulic Components,Hydraulic Adapters,Hydraulic Adapters
735,Mro Supplies,Mining & Well Drilling Machinery & Accessories,Oil & Gas Drilling & Exploration Equipment,Slickline Equipment,Slickline Sheaves Or Floor Blocks
736,Mro Supplies,Mro Parts/ Supplies,Filtration,Industrial Filtering & Purification,Hydraulic Filter
737,Mro Supplies,Mining & Well Drilling Machinery & Accessories,Oil & Gas Drilling & Exploration Equipment,Drilling Bits,Drilling Bits
738,Mro Supplies,Manufacturing Components & Supplies,Seals,Oil Seal,Oil Seal
739,Mro Supplies,Manufacturing Components & Supplies,Hardware & Fasteners,Fasteners,Fasteners
740,Mro Supplies,Industrial Manufacturing & Processing Machinery & Accessories,Metal Cutting Machinery & Accessories,Metal Milling Machines,Metal Milling Machines
741,Mro Supplies,Industrial Manufacturing & Processing Machinery & Accessories,Lapidary Machinery & Equipment,Grinding & S&ing & Polishing Equipment & Supplies,Grinding Wheels
742,Mro Supplies,Manufacturing Components & Supplies,Paints & Primers & Finishes ,Paint Applicators & Painting Accessories,Paint Applicators & Painting Accessories
743,Mro Supplies,Industrial Manufacturing & Processing Machinery & Accessories,Metal Cutting Machinery & Accessories,Machinery Cutting Tools,Machinery Cutting Tools
744,Mro Supplies,Industrial Manufacturing & Processing Machinery & Accessories,Machine Tools & Tooling,Machine Tools & Tooling,Machine Tools & Tooling
745,Mro Supplies,"Office Equipment, Furniture, & Supplies",Office Supplies,Office Supplies,Office Supplies
746,Mro Supplies,Tools & General Machinery,H& Tools,Cutting & Crimping & Punching Tools,Cutting & Crimping & Punching Tools
747,Mro Supplies,Industrial Manufacturing & Processing Machinery & Accessories,Metal Cutting Machinery & Accessories,Metal Cutting Tools,End Mills
748,Mro Supplies,Industrial Manufacturing & Processing Machinery & Accessories,Metal Cutting Machinery & Accessories,Metal Cutting Tools,Reamer
749,Mro Supplies,Industrial Manufacturing & Processing Machinery & Accessories,Metal Cutting Machinery & Accessories,Metal Cutting Machine Attachments,Inserts
750,Mro Supplies,Industrial Manufacturing & Processing Machinery & Accessories,Metal Cutting Machinery & Accessories,Metal Cutting Tools,Dovetail Cutter
751,Mro Supplies,Manufacturing Components & Supplies,Grinding & Polishing & Smoothing Materials,Abrasives & Abrasive Media,Abrasive Belts
752,Mro Supplies,Tools & General Machinery,H& Tools,Tool Attachments & Accessories,Tool Holders
753,Mro Supplies,Industrial Manufacturing & Processing Machinery & Accessories,Welding & Soldering & Brazing Machinery & Accessories & Supplies,Welding & Soldering & Brazing Supplies,Welding Electrodes
754,Mro Supplies,Tools & General Machinery,H& Tools,Wrenches & Drivers,Sockets
755,Mro Supplies,Industrial Manufacturing & Processing Machinery & Accessories,Metal Cutting Machinery & Accessories,Metal Cutting Tools,Burrs
756,Mro Supplies,Distribution & Conditioning Systems & Equipment & Components,Fluid & Gas Distribution,Hardware & Fittings,Nozzle
757,Mro Supplies,Tools & General Machinery,H& Tools,Power Tools,Beveling Tool
758,Mro Supplies,Electrical,Distribution & Conditioning Systems & Equipment & Components,Tubes Tubing & Tube Fittings,Tubes
759,Mro Supplies,Industrial Manufacturing & Processing Machinery & Accessories,Metal Cutting Machinery & Accessories,Metal Cutting Machine Attachments,Milling Cutters
760,Mro Supplies,Industrial Manufacturing & Processing Machinery & Accessories,Metal Cutting Machinery & Accessories,Metal Cutting Machine Attachments,Thread Mill
761,Mro Supplies,Cleaning Equipment & Supplies,Cleaning & Janitorial Supplies,Absorbents,Absorbents
762,Mro Supplies,Cleaning Equipment & Supplies,Cleaning & Janitorial Supplies,Cleaning Rags & Cloths & Wipes,Cleaning Cloths Or Wipes
763,Mro Supplies,Cleaning Equipment & Supplies,Cleaning & Janitorial Supplies,Absorbents,Absorbent Mats
764,Mro Supplies,Cleaning Equipment & Supplies,Janitorial Equipment,Cleaning Equipment,Cleaning Pails Or Buckets
765,Mro Supplies,Cleaning Equipment & Supplies,Janitorial Equipment,Floor Machines & Accessories,Wet Or Dry Combination Vacuum Cleaners
766,Mro Supplies,Cleaning Equipment & Supplies,Cleaning & Janitorial Supplies,Absorbents,Spill Kits
767,Mro Supplies,Cleaning Equipment & Supplies,Cleaning & Janitorial Supplies,Cleaning & Disinfecting Solutions,Floor Cleaners
768,Mro Supplies,Cleaning Equipment & Supplies,Cleaning & Janitorial Supplies,Brooms & Mops & Brushes & Accessories,Sponges
769,Mro Supplies,Cleaning Equipment & Supplies,Cleaning & Janitorial Supplies,Brooms & Mops & Brushes & Accessories,Brooms
770,Mro Supplies,Cleaning Equipment & Supplies,Cleaning & Janitorial Supplies,Cleaning & Disinfecting Solutions,General Purpose Cleaners
771,Mro Supplies,Cleaning Equipment & Supplies,Cleaning & Janitorial Supplies,Brooms & Mops & Brushes & Accessories,Cleaning Brushes
772,Mro Supplies,Cleaning Equipment & Supplies,Cleaning & Janitorial Supplies,Restroom Supplies,Restroom Supplies
773,Mro Supplies,Cleaning Equipment & Supplies,Cleaning & Janitorial Supplies,Absorbents,Absorbent Pads Or Rolls
774,Mro Supplies,Cleaning Equipment & Supplies,Cleaning & Janitorial Supplies,Cleaning & Disinfecting Solutions,Degreaser
775,Mro Supplies,Cleaning Equipment & Supplies,Janitorial Equipment,Waste Containers & Accessories,Trash Bags
776,Mro Supplies,Cleaning Equipment & Supplies,Water & Wastewater Treatment Supply & Disposal,Water Treatment Consumables,Descalers
777,Mro Supplies,Cleaning Equipment & Supplies,Janitorial Equipment,Cleaning Equipment,Squeegees Or Washers
778,Mro Supplies,Cleaning Equipment & Supplies,Cleaning & Janitorial Supplies,Absorbents,Absorbent Socks
779,Mro Services,Construction & Installation,Ready Mix Concrete Plant Repair & Maintenance,Ready Mix Concrete Plant Repair & Maintenance,Ready Mix Concrete Plant Repair & Maintenance
780,Mro Services,Construction & Installation,"Site Works, Building & Construction",Loading & Hauling,Loading & Hauling
781,Mro Services,Construction & Installation,"Site Works, Building & Construction",Rail Track Repair & Maintenance,Rail Track Repair & Maintenance
782,Mro Services,Construction & Installation,"Site Works, Building & Construction",Scaffolding Services,Scaffolding Services
783,Mro Services,Construction & Installation,"Site Works, Building & Construction","Site Works, Building & Construction","Site Works, Building & Construction"
784,Mro Services,Equipment Maintenance & Repair,Compressor Maintenance & Repair,Compressor Maintenance & Repair,Compressor Maintenance & Repair
785,Mro Services,Equipment Maintenance & Repair,Conveyor Maintenance & Repair,Conveyor Maintenance & Repair,Conveyor Maintenance & Repair
786,Mro Services,Equipment Maintenance & Repair,Equipment Maintenance & Repair,Equipment Maintenance & Repair,Equipment Maintenance & Repair
787,Mro Services,Equipment Maintenance & Repair,Heavy Mobile Equipment Maintenance & Repair,Heavy Mobile Equipment Maintenance & Repair,Heavy Mobile Equipment Maintenance & Repair
788,Mro Services,Equipment Maintenance & Repair,Motor & Generator Maintenance & Repair,Motor & Generator Maintenance & Repair,Motor & Generator Maintenance & Repair
789,Mro Services,Equipment Maintenance & Repair,Pump Maintenance & Repair,Pump Maintenance & Repair,Pump Maintenance & Repair
790,Mro Services,Equipment Maintenance & Repair,Refractory Maintenance & Repair,Refractory Maintenance & Repair,Refractory Maintenance & Repair
791,Mro Services,Equipment Maintenance & Repair,Tire Maintenance & Repair,Tire Maintenance & Repair,Tire Maintenance & Repair
792,Mro Services,Maintenance Services,Contract Labor,Contract Labor,Contract Labor
793,Mro Services,Maintenance Services,Electrical Services,Electrical Services,Electrical Services
794,Mro Services,Maintenance Services,Environmental Services,Environmental Services,Environmental Services
795,Mro Services,Maintenance Services,Fabrication,Fabrication,Fabrication
796,Mro Services,Maintenance Services,Grinding Media Sorting Services,Grinding Media Sorting Services,Grinding Media Sorting Services
797,Mro Services,Maintenance Services,Industrial Cleaning Services,Industrial Cleaning Services,Industrial Cleaning Services
798,Mro Services,Maintenance Services,Welding & Brazing & Soldering Services,Welding Services,Welding Services
799,Mro Supplies,Energy & Utilities,"Fuels, Fuel Additives & Anti Corrosive Materials",Fuels,Coal
800,Mro Supplies,Energy & Utilities,"Fuels, Fuel Additives & Anti Corrosive Materials",Fuels,Other Fuel
801,Mro Supplies,Food & Restaurant Supplies & Equipment,Beverage,Beverage,Tea Bag
802,Mro Supplies,Industrial Gases,Inert Gas Mixtures,Inert Gas Mixtures,Nitrogen
803,Mro Supplies,Industrial Gases,Inert Gas Mixtures,Inert Gas Mixtures,Acetylene
804,Mro Supplies,Industrial Gases,Inert Gas Mixtures,Inert Gas Mixtures,Ammonia
805,Mro Supplies,Industrial Gases,Inert Gas Mixtures,Inert Gas Mixtures,Refrigerant Gas
806,Mro Supplies,Food & Restaurant Supplies & Equipment,Dry Fruits & Nuts,Dry Fruits & Nuts,Dry Fruits & Nuts
808,Mro Supplies,Electrical,Electrical Systems & Lighting & Components & Accessories & Supplies,Electrical Equipment & Components & Supplies,Modules
809,Mro Supplies,Published Products,Signage & Accessories,Tags,Builder Tag
810,Mro Supplies,"Office Equipment, Furniture, & Supplies",Office Supplies,Office Supplies,Printer Ribbon
811,Mro Supplies,Chemicals & Lubes,Common Salt,Common Salt,Common Salt
812,Mro Supplies,Power Generation & Distribution Machinery & Accessories,Motors & Components,Motors & Components,Air Motor
813,Mro Supplies,Food & Restaurant Supplies & Equipment,Grocery & Gourmet Foods,Sweets Assortments,Sweets
814,Mro Supplies,Published Products,Signage & Accessories,Display Board,Display Board
815,Mro Supplies,Electrical,Electrical Systems & Lighting & Components & Accessories & Supplies,Electrical Equipment & Components & Supplies,Arrester
816,Mro Supplies,Electrical,Electrical Systems & Lighting & Components & Accessories & Supplies,Electrical Equipment & Components & Supplies,Film Heater
817,Mro Supplies,Pumps & Compressors,Pumps,Centrifugal Pump,Centrifugal Pump
818,Mro Supplies,Material H&ling & Conditioning & Storage Machinery & Their Accessories & Supplie,Material H&ling Machinery & Equipment,Lifting Equipment & Accessories,Crane Accessories
819,Mro Supplies,Pumps & Compressors,Pump Parts & Accessories,Fan Impeller,Fan Impeller
820,Mro Supplies,"Material H&ling, Storage & Packaging",Material H&ling Machinery & Equipment,Drum,Drum
821,Mro Supplies,Manufacturing Components & Supplies,Hardware & Fasteners,Hardware,Retrofit Kit
822,Mro Supplies,Manufacturing Components & Supplies,Mfg Kit,Mfg Kit,Packing Kit
823,Mro Supplies,Manufacturing Components & Supplies,Mfg Kit,Mfg Kit,Rescue Kit
824,Mro Supplies,Power Generation & Distribution Machinery & Accessories,Power Generation & Distribution Machinery & Accessories,Power Sources,Generator
825,Mro Supplies,Cleaning Equipment & Supplies,Water & Wastewater Treatment Supply & Disposal,Water Treatment System Equipment,Water Treatment System Equipment
826,Mro Supplies,Power Generation & Distribution Machinery & Accessories,Power Generation & Distribution Machinery & Accessories,Power Sources,Transformers
827,Mro Supplies,Manufacturing Components & Supplies,Bladder,Bladder,Bladder
828,Mro Supplies,Manufacturing Components & Supplies,Tagging Marker,Tagging Marker,Tagging Marker
829,Mro Supplies,Energy & Utilities,"Fuels, Fuel Additives & Anti Corrosive Materials",Fuels,Briquette
830,Mro Supplies,Energy & Utilities,"Fuels, Fuel Additives & Anti Corrosive Materials",Fuels,Fire Wood
831,Mro Supplies,Manufacturing Components & Supplies,Pneumatic & Hydraulic & Electric Control Systems,Cylinder,Cylinder
832,Mro Supplies,Manufacturing Components & Supplies,Hoses,Hoses,Hoses
833,Mro Supplies,Building Supplies,Structures & Building & Construction & Manufacturing Components & Supplies,Doors & Windows & Glass,Strip Doors/Curtains
834,Mro Supplies,Industrial Gases,Oxygen,Oxygen,Oxygen
835,Mro Supplies,Sports Equipments,Sports Equipments,Sports Equipments,Sports Equipments
836,Mro Supplies,Furniture & Furnishings,Furniture,Tables,Tables
837,Mro Supplies,Laboratory & Measuring & Observing & Testing Equipment,Measuring & Observing & Testing Instruments,Liquid & Gas Flow Measuring & Observing Instruments,Level Indicator
838,Mro Supplies,Electrical,Electrical Supplies,Electrical Supplies,Electric/Insulation Tape
839,Mro Supplies,Energy & Utilities,"Fuels, Fuel Additives & Anti Corrosive Materials",Fuels,Steam - Briquette
840,Mro Supplies,Energy & Utilities,"Fuels, Fuel Additives & Anti Corrosive Materials",Fuels,Furnace Oil